t_s,Flex1,Flex2,Flex3,Flex3,Flex4,Flex5,AccelX,AccelY,AccelZ,GyroX,GyroY,GyroZ,Pitch,Roll,Yaw
12,7836,1228,6628,1078,1439,319,4414,510,2035,3265,2921,7374,3583,4203
13,3565,3212,9146,5806,6248,9397,2239,8976,120,4436,9361,1721,7575,538
14,6364,6470,5733,5874,3326,3715,4269,9087,4206,1289,9615,1621,8088,6039
15,9510,2144,6844,1407,1037,7652,3997,9747,2312,4782,8344,6830,2762,9346
16,8737,2058,1002,9021,4480,6154,8978,9123,3759,2600,4649,1232,6047,434
17,6082,8897,1124,4467,5824,136,9706,8885,3022,4306,4841,8170,7649,2150
18,5483,1353,5144,9121,7265,644,3797,4793,959,6182,8948,8998,8688,6
19,9457,4759,5628,3550,2029,4670,5385,9887,9103,236,4608,2809,5157,3459
20,8555,9448,9791,269,3741,4106,6788,1929,2244,2390,8921,2556,8490,2041
21,5622,6682,2393,3882,9721,1341,7494,6473,2003,4619,4631,2704,232,3415
22,737,2913,3443,6315,8715,1653,7442,6977,8647,4121,5138,1365,2367,9244
23,1803,4285,1810,8893,1230,8949,5530,6303,3728,1162,7329,6034,6962,7953
24,5071,5341,3138,649,4772,8334,7218,4052,6153,8818,1033,5650,3145,4859
25,785,5843,3863,9513,3274,7564,7021,8264,226,3543,2178,3908,1934,5213
26,702,3686,8205,3732,8199,3823,8440,2666,6623,5262,3783,4799,2831,2387
27,3186,3227,2202,9467,129,831,5437,8442,7149,3803,6858,9100,9629,5573
28,4183,3659,9762,9994,9435,9663,5302,3683,9244,8512,7312,6685,9453,7545
29,1580,2223,5686,5670,6931,3239,4616,6176,2650,2531,2266,2833,7359,9666
30,2196,309,817,3120,2486,1221,8376,2215,5756,6336,136,6042,1946,1325
31,6338,7399,2223,877,2791,1210,3296,9781,3365,9587,6161,9240,2933,1633
32,4513,513,6711,7848,7290,6126,2111,24,8353,7243,3343,7970,8712,187
33,2645,2009,9884,2330,2918,3518,7893,9646,8053,8222,7190,2275,7620,8697
34,7706,3705,217,8032,4704,9708,9132,3657,3131,8215,191,503,8756,5579
35,7903,1367,245,1653,3616,6277,5174,1016,2345,5703,6983,6991,7520,9803
36,9176,1935,9292,7757,8473,4337,286,5675,7134,9036,5614,8498,4269,4616
37,1402,4427,7532,8719,8654,501,2023,7221,9873,7718,2233,8504,9751,3124
38,4150,9681,8380,6958,9830,6615,1091,4957,4646,6036,8294,2926,1558,2922
39,9962,8460,7278,4879,230,3593,4324,8608,8507,8773,6987,8121,1389,4536
40,7888,4503,530,1276,5906,5734,2595,5338,5161,7251,4805,7552,5077,6496
41,5278,7405,7203,2087,9861,7066,8215,8714,1063,8013,676,3596,9511,7402
42,6280,4431,6501,6257,9806,3375,3056,4330,3410,2755,3824,1860,6102,992
43,4645,7430,5137,4776,8517,2938,7479,4367,9664,2121,3503,8062,5529,9107
44,9441,7017,2750,9319,8574,1704,9600,2751,2938,9367,5948,9165,5359,9755
45,8902,4153,9159,3787,6994,4097,2148,5627,6161,412,9699,1992,3012,6098
46,7858,8729,3923,8600,5503,8585,7831,5751,6672,5720,7217,7044,5800,7482
47,555,2581,3455,7585,9579,2044,3146,5452,9323,8153,3912,6878,3748,3737
48,2053,7663,4240,3285,5909,8646,4864,3198,5062,5919,7372,3641,7174,7685
49,3143,7229,4736,1386,4100,7851,8061,1658,7683,203,9670,3699,8733,235
50,3923,4133,8175,8572,8341,6240,9951,3857,7367,8500,927,8682,2174,5356
51,2643,7806,3772,8150,2964,9868,8376,6580,6042,7999,2475,2627,1815,7155
52,146,8623,7333,9074,4538,4781,2865,3568,2820,156,4184,8728,3819,4124
53,9388,9977,8386,3803,2269,6634,1208,8749,5512,7121,3289,0,6748,8624
54,3009,6512,2611,3862,5589,840,9245,6060,5766,5160,535,6648,8061,7433
55,5262,1277,6766,1897,210,3137,7290,2542,8571,3073,7899,9018,1578,7575
56,4032,8619,5710,3354,3939,4561,4841,5171,4325,2604,6496,6777,7003,1515
57,3433,864,4853,3508,8210,7502,9523,7079,285,7526,6912,8963,1611,9239
58,4900,2380,3151,5661,3795,9904,2843,422,330,2678,6049,5484,2032,4541
59,5302,3902,5924,7481,2507,9698,6183,7439,4635,9863,1862,8428,4888,7845
60,4808,7995,2939,4469,5137,7593,645,1916,8477,6946,5492,2352,7685,2552
61,4678,2237,8872,5868,9606,5919,5113,1455,6544,4747,2905,5705,5998,3643
62,6537,9157,6996,4714,3417,9356,7786,8982,3723,2046,1362,2271,1733,3123
63,3254,4745,9569,2084,9047,9764,3251,7207,5718,7433,5317,7104,8268,7592
64,2532,9229,404,7497,607,3840,328,440,7455,3091,2365,4815,4751,5610
65,4913,6507,1968,4704,7501,2023,773,3192,7270,2945,7851,4632,7774,7178
66,8404,9222,975,3604,9013,3634,3479,9920,4233,5242,84,4749,8727,3442
67,7352,4674,1423,3531,7260,3905,5241,1078,9188,3947,4560,3385,371,8718
68,4649,6145,1801,2118,5288,8878,958,4714,2548,2891,940,3762,2370,2314
69,3237,1290,541,3125,6164,911,6812,5462,1599,1819,4337,241,7698,4978
70,76,6772,5889,3948,2097,560,6345,445,1384,3253,2936,648,9346,2183
71,4219,5110,1910,3862,3778,7189,8142,2627,1639,3125,3902,3939,8711,8962
72,8182,8523,7312,2600,3963,4565,3194,4267,4535,4061,2161,5872,7463,563
73,1184,305,7309,4240,5927,820,6467,5482,9165,6178,3528,83,3143,9494
74,1952,3484,8134,472,363,6467,8570,2308,8729,8290,6950,8262,9260,1146
75,9798,5744,1556,8128,3916,1792,3284,9249,484,3636,6118,3048,1890,4060
76,357,6083,2944,9083,6365,1360,6284,5165,4035,4116,1111,4633,3,2055
77,8743,3051,9452,5669,567,1856,9283,2325,3189,9563,3562,7196,763,3458
78,1520,3777,1847,3701,7858,3750,7875,4443,2094,4127,6327,8346,2111,42
79,9362,1416,7300,8242,1253,5722,3837,5058,6238,7781,3922,6641,5670,8538
80,5257,7457,955,9536,8107,253,724,5336,4373,1188,7883,584,687,7026
81,9171,1592,4383,8291,5245,9354,3966,365,2567,1565,6357,2723,1082,7588
82,2132,4056,3505,482,8013,2477,7215,2462,3592,9067,3572,3326,3640,5966
83,4380,3586,7676,7250,9071,4348,8100,2061,991,4111,483,8556,2346,4950
84,3008,7449,5046,6327,694,7618,5285,5151,4716,946,499,2245,6686,7181
85,9156,9287,1493,2265,9315,8116,358,6863,9558,2298,213,8772,529,2023
86,6025,5974,6781,5594,2642,7176,8527,5780,3326,8824,903,5276,6013,7195
88,9259,5368,4511,9235,6437,6613,7809,3829,2925,5388,1983,5640,9361,1649
89,9063,3457,4992,6009,8352,9349,1255,1760,6136,3354,9737,6068,6674,8872
90,6221,1366,8883,7315,6360,6554,7994,7333,3583,9360,7119,7781,8740,6099
91,6562,5037,2398,6397,6178,5207,587,1161,4833,6025,4591,4664,8043,2850
92,3943,3632,5382,7297,7707,2816,7768,5580,6545,511,7676,8036,733,6730
93,6674,9512,2592,4005,9716,7200,9937,8827,5338,9409,3039,7831,2800,6317
94,1295,8956,1399,8066,3566,8484,3964,4843,3636,4841,2133,8390,7155,3369
95,2050,2938,5013,5027,982,3389,6556,2153,6805,4630,7857,1486,2371,9374
96,4991,6237,3542,6327,3823,9138,2847,1767,1665,6776,3781,6150,500,414
97,9088,8081,6284,977,2436,3997,1204,459,3872,4790,1322,2339,2656,1719
98,3919,6451,9980,1604,2276,1055,770,8513,4159,7823,9101,6589,3802,7755
99,1748,1105,4709,9276,6802,4316,8008,7118,1321,7781,2122,9140,4195,5930
100,8787,9248,7868,1912,3865,8986,4992,4209,3772,3280,2903,1340,8866,7624
101,6422,7127,4629,9741,2982,6574,6082,4529,2673,786,6674,5382,3887,7690
102,1796,2474,3254,7083,872,5280,2232,9657,9451,4328,8404,3971,3660,1849
103,810,7173,8196,4131,1008,8578,4341,98,8451,9182,78,5877,7620,5420
104,6349,5640,4589,5768,5773,6669,4364,2327,445,3527,4997,5,9362,4334
105,83,5216,1106,3484,7286,4594,8895,4055,7524,6982,3816,4053,1024,9913
106,2119,9798,8577,9564,8651,8499,7749,478,2911,4749,5067,5672,8160,7186
135,5726,9975,7396,6316,1722,7670,6003,4380,6241,897,9625,3218,3355,4536
136,4905,5494,7330,753,6653,1016,9660,5603,6613,1209,7199,4046,9330,5079
137,6126,1116,1945,8479,7067,3751,2655,1440,4299,2694,5497,3916,4264,2154
138,7845,7801,3811,1927,5706,7803,7792,3599,8520,25,7217,8319,8240,1916
139,4169,5772,2549,1379,8144,8466,7746,8541,2416,541,6144,5515,8813,7620
140,2863,1149,6365,8673,9312,3019,3242,3873,7605,659,7215,1884,2947,2251
141,6199,3948,5925,7718,5830,432,8026,1003,9430,679,9061,6308,841,540
142,3551,6328,8676,3159,6966,5162,6123,4895,2002,3517,6362,2533,3357,559
143,6719,5437,4271,7746,7003,6839,4346,3279,975,1586,3996,1580,8547,6509
144,6266,4507,7380,1144,5365,5031,6490,8616,4973,2172,6741,538,7847,8671
145,8353,7920,9258,689,1876,5484,2172,7027,9400,9635,4808,5096,7849,5964
146,4178,5771,7425,3853,5929,5053,5354,9226,7799,8798,6687,2223,5461,2445
147,1061,741,1441,4820,1578,4954,1760,3195,5662,3357,6194,2199,2333,998
148,4794,9907,3409,8228,9639,4961,2629,2203,9950,9755,437,7963,4283,9458
149,2344,8625,8057,1551,6331,9613,8147,9848,2507,6995,2956,835,2639,3585
150,3041,4885,2142,8284,6107,7954,3413,6119,3024,1758,3265,1243,7708,8683
151,7157,9684,734,2247,3344,8053,4679,7007,8603,265,7389,1916,3122,7140
152,7611,1953,8872,492,2111,1021,893,2593,6557,7733,1679,4215,4964,9150
153,652,2040,7940,8952,5092,8515,1069,4397,1220,7441,7888,400,8376,4340
154,1979,4911,1561,3494,9176,7331,6536,59,3185,2403,9063,8547,4760,1284
155,4689,1389,4128,1774,936,9527,208,3311,4625,4728,6181,2666,9193,158
156,1837,2394,9269,6496,3483,9059,7151,6409,7457,6524,2400,2979,734,6378
157,2922,4945,4285,8540,5391,2415,1313,2821,3103,7307,40,3848,2913,3736
158,9296,6841,7459,5412,3416,8099,7260,576,7447,9685,9410,4646,839,2964
159,4996,1719,4921,7143,5683,7474,8984,2065,6553,2138,213,2009,8375,7308
160,3753,647,9334,9424,6111,6238,8783,4858,8633,4704,4411,9364,3883,885
161,8410,5034,5400,6,8237,121,6421,2201,910,8906,1302,7398,6433,3041
162,7394,8470,4514,3110,5803,7919,7824,4878,6376,8257,4375,2883,1150,8792
163,7029,6252,4709,7838,8309,8192,9578,8357,2014,6861,344,7807,2923,9438
164,3235,2498,9495,3364,6556,2729,5831,9144,7708,6878,5319,4713,5377,339
165,5054,2573,4998,7224,2704,3095,566,8432,5488,2127,5904,3313,4248,2391
166,9109,2310,9328,7804,9531,2407,7196,7363,3238,5185,6602,4228,4454,3344
167,2871,1986,9152,3307,3613,4491,7607,9508,3238,4491,9347,143,7470,7594
168,4412,9513,8520,7656,2362,4094,8544,4765,9365,1298,8926,6271,6461,7322
169,92,5304,2711,6521,5092,8663,2709,1327,4055,1129,2227,3569,1317,94
170,6130,2397,7441,634,8608,8953,7946,6555,575,4275,3189,9628,7995,3145
171,3164,5182,6368,2845,9458,8134,3816,7503,9417,1241,2284,1160,1065,1931
172,7400,5679,1998,9194,2414,2822,3916,7262,7040,9322,2240,885,1737,7218
173,8735,8368,5251,3642,6507,571,4860,3363,772,5597,2553,383,2383,4224
174,8747,8002,8814,1247,9686,1629,4201,9620,1172,8444,556,6092,6740,2619
175,1186,3298,1228,1635,293,255,2880,4689,1262,8638,3721,5359,8836,4314
176,9055,2719,6760,1494,4931,9710,8158,8119,1071,175,6112,8344,7697,2867
177,2254,4229,3111,8100,7109,4016,2832,9497,4940,7573,5052,4898,9745,2097
178,4013,6949,4809,7497,9236,9750,818,8829,4097,9676,2623,2501,9206,6824
179,6163,251,5808,1593,6845,961,4345,3639,9320,7403,3071,4038,7828,3351
180,3202,1182,3674,5793,4959,7312,919,8234,4059,2638,9840,2127,1007,7487
181,2096,6957,5880,3522,1642,8784,3959,7756,8320,5158,4816,7663,1188,5983
182,9351,3788,6266,8920,2238,97,8985,5284,1375,3841,5578,5723,554,4167
183,9329,4514,5318,7311,1926,1888,1758,647,7799,8323,9318,4642,8447,4203
184,1681,8726,9156,1760,4320,5764,9073,5637,9506,7874,9320,6626,7826,5125
229,1282,2199,9725,5366,9574,4568,8747,2149,7243,2652,6669,5313,6123,149
230,8360,6996,1073,4781,344,2500,6781,8383,8596,893,778,649,4900,5586
231,2369,2825,9794,1183,3569,4306,6194,478,3789,8591,5975,6223,4811,6852
232,3395,6803,9273,9315,6228,2118,3363,3327,1515,7257,4598,90,7378,5241
233,6479,7918,1148,1753,3376,1483,8246,3494,7018,33,5171,3629,3433,4680
234,9138,609,7409,9367,8880,1405,7377,9794,6924,7076,7760,8550,9384,6619
236,1577,5478,8499,4932,8607,5825,5764,1483,6712,2011,4829,7676,682,5447
237,8738,5475,3831,9329,4642,9941,9276,3987,7178,1604,5786,5280,9252,4184
238,4231,6251,3350,6282,450,2057,2916,6,1722,5886,5738,3742,5756,1000
239,6617,1940,8373,7407,9821,1229,4226,3302,5650,723,2586,5012,8045,7426
240,1574,1036,8609,3347,8342,5238,1285,2773,1521,9145,5115,7372,1942,607
241,4019,4465,4905,1391,2516,6004,77,7900,9143,8985,6423,2460,7880,2037
242,8699,6857,2893,1774,5225,8679,6960,4896,1782,4149,6155,8689,3094,9396
243,7143,2503,7054,3733,9043,6274,5647,4444,6254,6271,9686,8043,8110,5648
244,1603,7850,4975,4585,1848,7067,8117,7231,8155,9892,7219,5299,5974,7335
245,1306,5823,3640,782,3168,6920,9488,998,7494,4226,4266,857,9492,724
246,3728,9820,8319,3722,3716,2314,7327,5003,526,4016,3934,3784,8421,9394
247,5658,6286,4350,596,3893,4752,3725,1218,7066,7779,4987,1915,4689,9968
248,6333,3105,5175,5666,7102,3800,4292,9540,2268,1419,5604,9789,6382,823
249,832,6605,4458,4371,828,8099,258,2367,9040,9603,4563,9379,5950,7476
250,3968,3543,5917,7919,3608,8906,2551,3061,4732,49,907,8545,8356,8051
251,9307,418,2161,7111,8647,9589,7952,9535,9896,596,3975,5743,7464,6662
252,8464,5055,4855,742,3860,5264,1484,5907,7014,2003,1782,8468,3941,7859
253,4032,4539,4555,9836,868,3291,1773,940,2292,5833,7211,7892,7925,1830
254,1498,3044,7795,3459,6062,5862,9675,8451,7493,8027,8510,8660,7025,8260
255,7100,7919,6617,8121,899,4888,5238,4902,3666,1909,2387,1673,1568,9930
256,8489,6510,2543,9338,478,4955,3612,3205,5494,4325,5742,5872,1502,3883
257,5670,1988,4059,3392,9548,5991,3202,7634,7657,6597,5765,5551,2036,9014
258,3079,3590,595,8478,113,6201,8327,5127,2573,8505,448,8083,2098,1292
259,2361,8072,4555,3321,4701,5501,1159,7386,9253,6366,4369,8207,6856,1403
260,7261,2614,8109,8612,28,4845,9726,454,4577,6708,3417,4630,5661,8960
261,1477,8198,5428,1599,3795,7391,9791,6477,4325,9983,2370,7931,7782,2728
262,3477,5085,6310,4552,8204,7623,5272,3080,2407,6469,9357,4541,5299,3130
263,8987,2121,8286,2070,1955,6220,9874,9748,1738,2200,1973,343,8751,5743
264,3508,611,8484,3742,4768,2025,730,1550,6441,5679,8234,948,5618,5273
265,6858,5932,3527,1347,4197,300,450,7606,3068,2939,5333,8747,3295,6941
266,2212,6495,4161,7488,7685,4516,2718,4890,9616,2251,80,7475,6712,4181
267,8508,5543,9289,8070,8319,2700,1243,7829,3092,4317,4163,3676,649,6618
268,3888,6480,5562,7837,7981,5039,2742,880,5343,4283,5191,1955,9489,4584
269,2518,121,4759,7549,6174,9480,8245,8172,4317,4549,6891,339,1620,790
270,6415,139,7109,4947,1191,3103,6221,6530,3158,6751,6747,5115,1743,3757
468,1077,8786,8331,9913,9398,4170,3400,9598,6692,5334,2461,8450,3070,7674
469,9955,8443,7702,8907,2638,1325,435,2722,5409,5405,5523,9570,3055,3790
470,2603,4318,6867,7120,9770,8308,4476,8528,4178,8348,2301,5027,7486,3120
471,6343,2890,3029,5676,3481,9076,5689,8678,6340,7006,9593,4872,2539,4436
472,4963,9531,1194,468,2141,2661,4890,7077,2412,4023,8281,8507,6946,5142
473,7839,351,7496,6262,5708,6467,2290,6623,4864,3517,6822,383,5652,4358
474,6734,8109,6700,7806,6553,7186,2170,6240,4835,4014,203,7320,4924,7356
475,1051,9983,4307,8636,3609,2477,8339,8142,1244,9043,1972,3606,7409,255
476,8321,4548,108,5265,2418,8442,5913,3862,61,5370,8849,8556,7291,4725
477,1487,5550,8703,2647,4621,7258,2872,4824,4267,3656,5490,6893,3354,4884
478,5906,3965,6474,2883,7302,6264,8517,9828,8692,9404,8519,1083,2593,3746
479,4936,3769,5811,8998,8786,7956,3884,2832,108,1258,9550,473,9975,1497
480,5850,7067,9572,5146,5861,9176,8069,8858,5789,1047,4041,1695,5913,8047
1031,1066,5169,323,5518,3828,9547,4796,5463,1645,5204,8401,9883,9821,5756
1032,1144,4376,1078,5857,8149,2083,6769,164,1396,6767,2856,2618,5622,6241
1033,5593,9573,7267,1434,9093,3891,1922,6593,3937,9439,9775,5878,2084,7396
1034,5300,6214,6891,6554,6951,9517,4095,8173,2819,2720,1498,1460,360,9965
1035,185,892,2110,6638,7797,8310,1064,1838,5187,272,6174,1715,325,6522
1036,8812,3909,5262,6756,6448,555,6930,1552,7247,4866,6577,6924,5261,8943
1037,7046,1519,7260,156,1633,2294,847,9234,7050,3059,902,5652,2556,325
1038,9496,7312,9637,4142,5544,6194,7014,6664,2262,6379,2318,6225,686,1633
1039,7038,7522,48,524,3377,6658,1202,7212,4157,4310,3188,9473,5432,4668
1040,3804,5112,927,3454,3219,5069,4553,8141,2860,2157,2413,4719,5675,8760
1041,2411,7449,8924,3934,4948,8952,4005,1132,5019,7920,7387,8828,7756,8405
1042,6183,7166,1321,4272,673,3775,5111,4744,2065,8730,130,1278,5709,3096
1043,1718,2461,8969,7051,7751,3454,6334,6792,9049,4077,5165,5815,9143,4416
1044,9583,8478,6942,1593,1560,1669,2128,2034,2212,9218,5858,6655,1359,4197
1045,5759,7112,7752,9509,8475,8184,9261,4578,1849,9978,4686,5882,1562,573
1046,5531,788,5051,1655,4946,9744,7719,4194,3469,3452,6219,5527,8354,742
1047,9609,7516,4496,9619,9461,4205,7264,5887,4621,7603,9143,6395,4642,650
1048,6175,2922,7670,4555,9885,2755,8661,1938,585,9607,7628,9006,4916,4801
1049,8829,3418,237,5541,8859,5511,1006,8895,614,8468,1118,2585,2159,6665
1050,5776,64,3138,7699,2673,7556,7957,6208,3854,6962,3755,3436,7789,8078
1051,2882,2830,1516,4631,2168,2302,4897,3873,4582,2199,3826,8973,2322,6812
1052,6623,1656,6077,3304,9100,8150,4486,2055,5665,1145,6153,6456,1835,270
1053,8233,8534,1942,5159,8385,9214,3684,6607,8381,2040,5088,8316,649,7634
1054,2723,8287,4257,7414,4219,1474,235,1239,6695,6319,3923,8160,7967,578
1055,7034,8407,7177,9991,6488,2817,6474,112,1777,1167,5024,7430,7173,717
1056,3005,9387,5224,6178,2069,764,5809,2586,4592,1839,8732,9460,1401,6596
1057,7689,5481,8406,5039,2463,4404,5095,4194,2795,411,1958,8109,4946,7113
1058,642,6757,691,7586,6835,1090,9576,6334,8535,3169,3989,2425,6255,8508
1059,901,7021,8759,2748,6213,5490,3727,1310,6009,1600,5427,470,1240,7807
1060,1829,6803,4229,3302,2626,9914,5362,66,7219,8328,2224,1577,287,5026
1061,8520,7766,8508,4352,1122,271,8889,5838,9274,9609,8190,2901,7593,348
1062,4633,1070,8985,6853,7095,4151,2769,7559,5111,4782,870,2675,5302,7186
1063,9360,7883,4975,3681,7619,4005,9644,6367,1546,4127,5880,5349,7162,7112
1064,9695,2550,4213,6637,9833,8804,9224,9206,6893,9915,8916,6952,2908,1676
1065,2870,8723,1394,2550,8741,6135,1042,1679,6148,5261,3943,7101,6998,7424
1066,5494,1462,4470,4045,7047,2038,7608,33,5449,9338,3412,8377,2790,3278
1067,7123,2450,2223,4385,7002,5054,7660,7178,4903,6802,3237,3218,311,2040
1068,5803,4885,6546,4508,9923,7633,3752,2209,2428,9001,7046,5732,7169,7942
1069,6210,4259,8643,3612,3242,7448,7394,6812,1501,7557,5410,3049,3469,3002
1070,6221,3350,4474,3239,2468,2688,8135,6933,9256,4524,3909,4455,3017,4198
1071,2967,3080,7009,796,4253,1805,9569,7933,6970,3845,7518,6423,1409,4025
1072,2631,9291,605,1580,586,5938,3034,5942,4279,5466,2236,3631,6507,6109
1073,1556,3470,4996,7017,6429,8711,1808,2664,8133,923,7678,3166,8178,9781
1074,6615,8295,6818,7673,954,1021,7091,5562,4197,9322,8056,8280,7245,7717
1075,5956,1593,7453,8834,8240,262,4643,2483,2978,5486,5174,9183,581,4985
1076,2972,1310,1369,6807,4084,4804,3602,8763,1761,1329,383,5213,7279,8010
1077,1610,7264,6612,6412,5635,8147,6143,8296,9390,2757,2488,904,752,4237
1078,5702,6167,8676,9719,8892,7904,6704,2375,9221,2699,679,2090,3331,9179
1079,965,4212,202,4960,8544,1601,275,7368,1217,9246,9434,2575,7994,7313
1080,3795,9052,6562,1301,2890,3138,541,4674,9802,805,4265,5250,6001,2003
1081,6406,8207,5588,7389,7766,5298,490,4219,8925,4432,9276,2019,1469,4245
1082,2630,3607,5211,6311,1191,9192,7108,2184,9922,3293,8664,2126,1604,3144
1083,3762,9310,5209,4026,2154,7221,6704,3179,9537,280,336,6788,3075,5805
1084,4009,4860,3719,9579,1881,3533,573,2824,8499,4535,4183,4915,7797,8242
1085,938,6047,1035,3814,5452,9261,1368,5377,6549,8386,3338,809,5172,3958
1086,5790,128,41,298,2977,3661,794,4347,1956,4590,4815,9923,2111,5661
1087,6175,1392,4294,583,1604,1789,8180,6911,3572,6002,608,2272,8241,531
1088,2062,3483,71,5962,7875,8249,4162,1274,4680,4639,7006,9071,8545,2750
1089,6212,920,2903,6601,9664,7408,7569,1648,1837,6088,6135,4323,7183,9478
1090,2891,6311,3151,7486,8548,3856,1144,1252,7638,2963,8860,2810,8527,4267
1091,9934,3924,6061,1376,9870,7369,1630,4143,98,8044,3863,1543,4402,6477
1092,9851,9864,967,4462,8129,1082,4342,3559,9999,727,63,6404,4135,513
1093,6855,5349,5058,667,8698,1247,86,5028,8229,1081,4970,9592,9316,5112
1094,4192,7550,4329,7163,1187,6468,7815,2623,1257,1046,3136,7132,4665,3780
1095,2644,7878,3032,3262,8493,5979,6290,8122,5426,4424,7043,756,3823,6226
1096,1755,4124,571,2007,6174,8287,9460,8773,1111,7643,9927,9921,8839,9212
1097,8256,1139,835,8450,975,7309,2333,6212,2104,9578,3386,1431,5081,3538
1098,7034,8054,5631,4578,8739,1198,9974,1239,3953,651,5439,598,7283,9245
1099,1030,9999,3446,2240,1185,756,4199,8965,3035,9285,1830,899,3887,4456
1100,4494,8760,8435,5004,1150,3235,957,8143,6634,7239,3445,7376,9952,3399
1101,2239,2034,6744,9662,2998,6135,6804,5824,6699,8185,8983,6416,289,1057
1102,2573,1831,2047,6997,405,8426,2099,7377,7140,5716,9511,8236,8881,1779
1103,4321,6325,111,9167,8455,7401,1490,8204,5332,6125,4089,4665,8314,5554
1104,179,462,4763,4818,198,3256,9433,6344,3832,3678,6242,8800,3974,1104
1105,5503,560,7499,5250,7794,9770,4580,1778,2322,7268,1847,3473,3821,851
1106,1497,6607,4490,2578,5617,5188,2522,5152,2162,3616,9179,3882,3402,213
1107,3156,2027,3745,8658,5675,7240,9274,1251,5842,445,1918,3794,1867,2079
1108,1808,5187,8466,90,1614,597,1977,5854,755,3968,377,3754,4498,1177
1109,2465,7751,6960,399,2452,5765,9612,6861,6483,5734,6967,64,4549,4393
1110,8960,6511,6321,4940,755,3764,2388,3591,1400,4332,3105,8534,7292,3768
1111,9845,9690,9737,3947,7544,8649,7899,3009,5602,7632,7136,6098,6044,3680
1112,8984,875,3177,9815,3634,7545,8840,6136,9508,8388,7395,4489,3460,3046
1113,8749,7006,8073,4987,1587,8738,2510,6649,3558,1243,1969,9211,7317,6054
1114,3093,6053,9941,7951,1199,9821,9381,7978,7488,7383,7856,8015,6500,4849
1115,2579,2093,9022,8027,2035,5388,7858,2253,7160,5685,6457,6330,3834,2408
1116,2380,6341,3391,962,6862,4372,1355,6931,3310,2970,9558,8480,7051,1630
1117,7959,6441,7044,198,8442,4180,6727,7846,6128,5650,2797,362,336,2501
1118,592,4625,4109,3360,8212,7099,2545,916,1220,1310,3696,8774,2405,375
1119,5547,2110,1589,3323,1057,4431,737,367,9708,869,484,7558,6593,6838
1120,994,5593,1995,8403,337,6221,5393,7519,4328,472,62,8249,3273,3727
1121,1739,4815,4490,504,8859,993,2424,8630,9212,8309,5596,2200,189,9314
1122,9804,7458,8670,5128,1007,3451,5128,1398,1636,6593,5594,6115,6283,7512
1123,881,8271,6902,4215,4215,9936,4939,1279,8487,1188,1475,5289,1868,7731
1124,8594,5440,4758,8881,6435,7640,9732,9639,5289,9127,7068,9046,3516,4464
1125,8623,775,2904,7888,6320,684,8162,1936,8041,5583,9373,5433,8135,6349
1126,8258,2537,8940,6852,3918,8324,6861,8314,8010,7737,6653,1613,1506,4028
1127,6520,925,7374,5200,9200,6077,636,9805,4652,2113,7698,3544,8013,8634
1128,8247,8162,8527,438,9950,1518,5723,5926,9353,4068,2857,2203,9515,9410
1129,1702,3304,6059,8808,1514,5927,9730,9798,9529,2510,4900,1260,9724,4638
1130,3010,5188,7464,2019,9570,7432,8766,4828,2579,277,7916,9448,7407,8935
1131,208,5229,9462,5915,4793,55,1880,4610,7443,9389,5711,1837,7074,5266
1133,3472,8686,6439,7399,6009,3577,697,5375,1587,7391,9413,6559,4293,7229
1134,9595,4733,4775,85,7700,9802,8564,953,3802,342,4598,9519,2653,3166
1135,4962,1237,3068,440,1942,4752,9133,2681,7783,8815,7491,5658,5903,2323
1136,9621,3468,3050,6378,2430,5756,2256,5805,6503,3010,2490,2252,977,500
1137,9852,8597,8468,5303,2677,2276,7858,8979,61,723,377,4250,2262,703
1138,9160,6275,8623,7432,2918,2568,3341,8055,2676,6886,5990,5707,2371,3739
1139,1989,5850,8209,6937,9477,5665,2647,719,6165,5716,1609,4210,3002,9647
1140,7865,2796,153,1749,2258,540,5746,7972,4214,6644,355,1501,1281,70
1141,5912,4938,8341,6973,3179,2265,6191,8608,5351,7700,4784,5930,1291,4251
1142,2807,146,726,3408,4200,4537,3882,6649,733,382,1138,9359,3516,9918
1143,5531,5435,1622,1968,363,5530,4797,2982,8633,9486,1437,6053,5567,5358
1144,8975,3873,8025,2261,229,3577,5589,5031,7783,3085,7990,6864,7513,9195
1145,3746,5877,6801,9810,5569,1109,2627,4517,2338,4047,1118,7595,2386,3746
1146,5080,8384,8464,5779,8314,5199,2818,4195,5838,1353,5149,2938,6768,6064
1147,8359,6841,2584,7725,4203,933,7246,9537,1943,5547,6981,2521,1172,4572
1148,8078,9202,7782,5645,9087,6077,6901,4683,9579,4054,2556,4034,1967,9380
1149,1310,3110,6355,9763,5148,3324,3175,730,4671,4495,3925,3907,214,4539
1150,5062,4813,4058,1199,9079,6895,2735,3542,426,710,396,7681,3139,564
1151,9899,3346,4443,9430,1221,3871,645,6837,4675,3254,6835,9790,6318,7268
1152,8119,1357,2862,4697,8200,4241,691,4496,9526,8930,9583,1639,506,8436
1153,7212,6241,3971,4605,9752,1331,1543,191,9881,4813,8005,516,6329,848
1154,4589,696,3074,4690,9414,9607,694,3166,452,5190,3779,7901,1848,5156
1155,9055,74,1988,5064,6666,7481,6131,1442,3320,6237,5928,8552,2512,7145
1156,2828,2848,4933,3388,7002,1111,6163,439,1826,425,9626,5401,9239,9200
1157,8421,7808,1056,2603,607,8555,2046,7318,5070,718,6592,3436,6850,5019
1158,4957,5783,2594,9431,6550,4142,4412,554,3621,8016,2395,8332,4417,7482
1159,7263,3246,3418,9086,3428,4605,4734,2687,4855,5858,8444,7087,1459,9360
1160,6591,6970,4605,3267,3565,6781,2822,533,6756,826,4954,444,4126,163
1161,5847,852,8730,9576,3750,5613,3493,1741,1633,9100,8223,3867,9164,3435
1162,7919,286,582,3693,6859,1672,8491,8839,1946,3356,7420,9409,8827,3934
1163,9623,5220,3414,5564,3123,7489,1638,2123,7572,8647,3683,9636,5712,4922
1164,9811,3653,6373,7019,9981,2648,3731,3693,5868,3870,7755,7974,4791,7144
1165,5804,4961,4202,8451,4134,2397,6049,4040,5290,7905,2390,9534,6774,7194
1166,30,8430,4945,3830,5570,450,5724,1025,5965,217,6723,513,2058,2757
1167,6459,1051,3183,36,7880,4294,7249,1963,1469,4893,293,2736,7649,467
1168,4866,5346,6598,7913,9891,19,812,3549,3897,6416,6501,3856,3146,8
1169,4693,1640,3079,6365,8904,2230,768,6467,2851,3353,9184,6781,6845,7772
1170,1550,144,3763,6474,3319,200,2564,1731,7683,6712,2354,7829,821,2065
1171,2666,3251,3861,4129,1768,6507,8174,4930,6198,6227,5776,7956,4182,5831
1172,4541,7384,9236,7512,4436,8009,2464,8983,9259,8954,9231,2694,1677,5645
1173,4989,9636,3924,1187,3295,6189,7114,9752,8294,2681,3584,9828,2462,8916
1174,2005,464,1132,8819,3043,4518,1881,1672,6593,6383,3427,1874,3875,8251
1175,9850,9329,1209,563,2931,5081,1242,4386,1607,7298,2953,7346,2190,2757
1176,6981,3458,6805,2850,6585,635,3034,8302,1735,4395,8620,3383,8403,2658
1177,8567,4166,7698,1943,3945,8112,4013,632,8941,4845,8895,7576,5478,8990
1178,4063,5554,9333,2370,5597,805,3555,387,9420,4609,5885,3061,2454,5694
1179,5261,312,746,7885,25,3209,499,7227,4700,2983,5126,6441,1779,4370
1180,5169,5949,7574,609,3016,5416,4104,2125,9607,5212,9670,6369,6186,6565
1181,6277,265,1484,1014,7874,7518,8416,4027,9071,946,9509,7345,8650,7968
1182,4669,9794,5044,311,4423,8581,3103,6683,8876,5010,297,3239,4785,1432
1183,1816,1917,5388,354,6675,5372,7579,9799,9999,6282,693,3697,6185,8348
1184,2411,3674,2175,4766,2597,9515,5791,1779,5906,5230,6827,573,8775,5120
1185,7902,9878,4214,4408,259,5145,9803,272,2545,3210,1436,4764,4149,1467
1186,5834,1527,397,3503,8496,2363,8738,485,3111,1850,1075,5041,7587,6942
1187,8972,8608,5574,6492,5569,2941,3958,666,1680,2069,4883,4941,5927,5288
1188,1810,5108,6339,2524,9424,6210,6264,1151,4744,5929,7905,2754,1878,5590
1189,1355,4219,8972,339,180,1283,342,4254,5700,9160,3342,6808,7370,8622
1190,3437,6760,3828,988,4374,3746,2290,447,2764,6492,9741,3234,7954,4504
1191,5727,2192,2373,9444,3437,5276,9212,9490,5958,474,6092,3961,571,2411
1192,4230,7516,4325,4721,3721,1905,1278,6234,6883,6811,5236,6148,4136,3631
1193,873,5145,4807,3132,5223,7275,1461,7225,9583,7964,9938,3906,142,9082
1194,607,4096,8983,519,1237,5929,6967,5015,469,9186,6358,906,6144,924
1195,8463,2497,9631,7151,4470,3868,1496,4709,1237,6978,6597,7421,5642,1609
1196,1496,8961,9458,2944,3608,4303,7635,4720,1938,1568,306,9460,6174,6178
1197,8399,5269,8158,9774,9151,994,9613,6564,3676,2371,9399,3868,7245,9664
1198,8832,1224,2684,7656,5569,6309,5246,3188,6832,5085,7570,9305,6445,8556
1199,6653,7512,9889,8738,8725,1345,1306,4410,4716,4014,1361,4876,130,6598
1200,3052,2349,6397,1252,6324,5658,6796,4971,8109,1612,8151,1857,5906,6771
1201,2561,9152,6598,4680,8013,431,8017,3847,3359,5309,7887,963,982,2565
1202,2059,3800,4869,7490,9290,6279,5721,9773,2228,7300,1061,7442,7870,3024
1203,2203,2663,4080,8691,1449,5316,56,125,8460,3059,9127,9344,2907,4971
1204,3140,2789,9474,1769,9557,158,6939,2442,8491,7775,7702,2265,3418,1048
1205,2144,76,8700,326,2127,6362,8358,6695,5933,1203,1651,7416,2876,4157
1206,2827,2578,4502,7884,6330,9464,1774,7877,4650,4681,274,9571,1061,6063
1207,6270,9742,2119,1028,9364,7009,2386,8232,7274,7786,6134,3929,643,3840
1208,9899,5996,2586,9006,4665,3600,3485,6121,968,4336,7466,7977,3457,4505
1216,6729,7540,7908,2715,1138,8233,4029,8879,2152,7628,884,1881,7120,1861
1217,9925,9638,5166,4434,1929,4251,5953,7910,498,4857,8250,6382,1622,3762
1218,2937,8010,833,3574,8683,7847,8396,3740,6137,3420,7342,1446,7875,3533
1219,6330,3636,6976,5375,9835,6186,6416,4028,1785,6020,2443,4443,8181,7124
1220,4083,800,2741,9396,6794,6776,836,7036,1740,3271,7846,6233,9695,231
1221,6467,1622,4564,3361,6586,5033,4713,8106,2745,8843,9280,6573,759,4277
1222,7244,8553,4110,2019,8912,2719,4318,8062,896,5224,9062,5294,3695,3358
1223,865,1203,6457,68,4528,9816,7311,9488,9462,4792,3917,778,526,6847
1224,7844,2490,7900,7144,5750,4290,7237,9176,1283,1792,6127,5235,1737,8912
1225,9719,933,757,3177,7073,5532,8223,1175,3125,7776,3502,133,183,4606
1226,9566,8408,56,8872,4751,9072,208,9836,8244,9501,5996,1999,3313,2622
1227,250,27,34,2158,7333,9181,1648,8703,480,1611,4835,4404,5081,5373
1228,8616,9615,3126,3480,2500,6868,2646,5024,7074,8676,495,640,483,9596
1229,8297,5439,6232,6694,5417,2326,6658,8264,8122,4408,6240,64,7088,6548
1230,151,9628,5079,550,382,3252,2175,605,3341,5132,4727,8100,7552,5082
1231,6278,3813,2013,5030,1811,3518,6782,8525,2423,8375,1971,5288,186,4795
1232,6792,7686,8583,6253,2344,7839,6374,5376,7580,7819,5506,2865,2373,1422
1233,1717,7204,4793,1477,1997,5804,7185,8013,1101,4271,2633,3234,3933,225
1234,7264,1821,5708,2268,2842,3558,5472,2534,5208,5168,9166,5782,6292,4422
1235,6763,9740,9538,9185,6865,8404,43,7473,8498,1459,523,2062,3710,3915
1236,3357,7949,6892,5922,2623,2296,9019,8386,7726,4140,6239,1198,60,9986
1237,9406,9317,8986,3749,3017,9011,1558,8826,5968,8318,2823,2701,2267,4231
1238,4216,9125,5550,2090,8856,1290,1288,8099,4829,6931,5282,9105,5858,9538
1284,5516,4544,7691,189,8811,1018,4511,3728,1340,7616,5660,3951,4135,4308
1285,2802,2751,4447,4766,8729,821,6019,835,3217,6727,2744,4815,8210,3227
1286,9632,8277,6098,514,4429,9293,9870,1185,897,8245,6474,9141,5376,1447
1287,7731,2232,2210,8863,9888,4262,8402,8992,6258,9242,6744,3919,4782,2019
1288,6650,1071,8387,1054,1036,6531,5938,7089,4989,5231,382,1814,3999,450
1289,6824,3210,2035,3490,6063,9024,1223,1899,4775,5328,5091,6912,6919,4254
1290,2049,3764,7000,6358,5830,8069,5569,6858,1217,4789,4836,1826,306,6484
1291,9876,1912,1058,2633,6188,8258,3456,789,3780,6369,7585,2427,5761,6261
1292,4221,6346,8648,704,1224,5991,841,650,8040,3448,5512,7596,4979,4999
1293,8231,3413,4189,2848,3201,141,1475,3629,3692,4706,6999,880,9336,9513
1294,3500,3606,6461,9229,9579,1134,8861,7260,3127,8133,7592,3680,877,4648
1295,6150,438,7051,6812,300,6381,3056,3816,9418,7572,6575,4484,6366,104
1296,4549,3936,8388,1904,4500,6207,2724,6807,4654,6982,2019,867,3416,3741
1297,4930,5470,7420,6080,9732,7427,8367,5587,2695,9933,2778,8423,9921,5294
1298,7270,1949,6964,4315,6925,5997,4656,1359,4039,1070,4375,2217,368,3881
1299,5796,2348,8283,4846,6788,3533,2976,1909,6587,2167,6394,6573,534,1168
1300,8243,9843,1207,4976,6694,8302,2757,1117,4304,7505,9189,6855,4826,7726
1301,8065,3891,8080,2980,3787,3969,6959,8683,3411,462,3134,9310,3432,4450
1302,6270,5400,8166,7543,6135,8679,765,9985,3566,6943,4899,5449,6438,5511
1303,3013,9662,8640,4015,5393,3092,3507,8812,6427,7695,8599,4772,6959,3086
1304,791,2094,9903,3308,3455,7335,5272,4582,7532,9988,1276,2021,5794,2692
1305,3896,9493,3597,9059,2804,7425,4837,7374,6434,9689,1655,6341,5203,9763
1306,8488,8558,159,2188,3094,718,3230,1046,259,6455,9682,7687,114,3441
1307,4757,1236,5017,3039,466,5740,4377,872,5523,8705,5994,4586,4053,902
1308,5228,1429,992,4587,6804,215,3942,6452,5208,9081,9907,2149,1016,928
1309,4575,7830,5123,8724,5163,6630,7483,874,7656,5176,1219,358,427,487
1310,6423,7520,2907,8036,3958,7842,2558,4443,5705,8114,338,9239,8563,1047
1311,3686,1665,9917,5724,6254,280,3200,7064,1450,7151,6449,8747,5485,4668
1319,5204,300,8103,6846,3850,5519,4255,4203,2240,505,4983,1979,1077,9107
1320,3131,2059,6218,2831,4422,5016,3013,522,7559,7278,5407,8646,2523,81
1321,5165,8133,8333,5829,6316,1923,2391,2198,186,7761,4002,997,4823,3879
1322,5298,6081,1981,6151,2623,6256,2870,7672,7898,3638,2395,7478,5417,3018
1323,3779,7729,423,8388,5724,6826,5829,9720,4122,8381,2520,7066,2808,7524
1324,1512,933,1699,9205,9852,1419,9052,6479,2125,9780,1553,811,5620,2942
1325,4276,6929,281,9773,387,5975,4541,1175,2064,2024,463,6104,9092,4965
1326,1008,1988,980,8937,3030,849,6999,4626,3471,6978,8951,2186,1184,7616
1327,396,2385,6427,1626,3529,7070,8461,758,9791,2647,2923,4313,3229,9577
1328,5463,6140,1005,3998,9493,1519,636,1140,5534,6830,793,4203,9656,9864
1329,8692,999,9567,2649,1576,6853,3077,5732,1850,3399,3625,3650,8401,9837
1330,8595,6482,980,8159,6115,4606,2042,5624,2748,8905,5057,6031,3065,7266
1331,7801,7113,0,162,174,7915,3738,4363,24,6570,4514,2490,2428,4033
1332,7771,5623,8292,138,2902,7215,2605,9263,5917,9751,3553,1755,1521,5081
1333,1065,5285,4010,5310,8968,5840,3065,9639,193,5034,2266,1011,3801,6699
1334,9019,7895,7090,3856,6602,6020,4045,5225,4909,25,2851,6569,5985,1234
1335,3358,4761,9665,6955,8648,1034,5525,4868,7796,5185,216,6786,5446,963
1336,5733,6963,6592,7313,6490,4018,4774,7389,552,5934,1700,6374,6296,7068
1337,5616,385,8829,762,1826,748,1514,6770,5734,8275,9457,8795,3741,1845
1338,1872,4257,411,9473,1238,3234,661,8964,307,8379,3137,3523,147,9053
1339,9098,2110,7984,1536,5953,590,141,20,6219,7012,9160,5924,1926,2647
1340,8331,1897,2543,1295,4098,4875,7278,1568,2508,9416,1878,3572,1613,5275
1341,8896,1862,3179,7529,4463,5806,322,1513,7740,2519,3241,7341,949,8464
1342,3700,8463,1137,5739,5842,2464,1108,7707,6203,2431,83,6978,6792,7134
1343,2919,3420,2920,2148,6015,9745,1373,8098,2221,4123,5048,4323,7239,9417
1344,3638,996,1257,3952,7514,5275,5142,3625,9106,8449,5548,7180,3201,9994
1345,8085,6852,141,3663,6059,9221,1738,6787,5245,8341,8653,4410,9660,2982
1346,8506,3644,4046,9078,1377,6039,7652,3959,9586,5918,5556,7547,4011,299
1347,4102,6044,2403,9303,9236,6977,7951,9650,1445,1943,69,999,8716,2957
1348,3250,8677,9086,4238,7419,7587,9656,7400,4997,1585,8910,589,2915,932
1349,7509,7535,6979,4521,1448,2388,4356,6135,5016,357,9686,5656,6128,7068
1350,6671,1358,6888,8325,9877,7301,3833,2644,7937,2168,556,2980,3806,7069
1351,9143,6288,768,3099,7026,1491,5974,2523,3892,8241,8032,1103,9455,7215
1352,6063,5089,9162,792,3891,3439,3215,5930,9119,6404,2971,954,8156,7449
1353,4019,3808,4082,3668,7838,5425,2193,1807,7271,9796,8022,6203,4297,4495
1354,2353,1761,6017,4995,3892,4445,8185,6707,9640,7900,5756,3102,3646,8184
1355,3949,7248,4755,9016,5089,1170,9996,808,306,2936,4865,8977,8429,9759
1356,2273,3123,7197,7740,8510,4484,7122,1055,1216,3120,9377,8140,4876,6204
1357,1055,5842,8535,5901,370,7005,7536,6003,4639,9076,2569,563,731,1056
1358,3064,9450,7901,1303,359,1618,805,4105,7874,4474,2097,3146,1462,9066
1359,1690,6266,5664,3140,6043,8030,5528,8994,4601,6239,6683,6519,5019,995
1360,3777,4385,770,8531,6702,7780,5061,9027,2701,7413,3895,5658,4293,5803
1361,2059,5877,7445,8488,6019,929,6896,5308,3724,5862,7998,8593,7620,8035
1362,2636,3120,2410,9489,6974,4359,5838,9215,1345,1215,986,5772,6640,7428
1363,1063,4666,7734,8847,5946,421,4880,4762,3300,1741,5109,7064,2389,4549
1364,2987,9308,9093,4130,9845,8839,7703,1180,4602,9125,8855,9337,3335,5550
1365,466,2524,4986,7783,2595,8910,6104,1361,2899,8524,5613,9123,9679,9299
1366,4726,3377,1558,9990,5823,804,5272,7987,8230,394,5896,5906,3880,7893
1367,3298,3996,3361,9685,3197,1164,9381,9794,5363,2801,4831,1554,3535,7972
1368,4125,1464,8068,9061,8376,7754,8587,6922,9721,9397,9860,4709,246,8337
1369,5736,9313,249,794,6671,2650,3227,7476,1842,1795,3051,5297,6318,356
1370,7932,694,6040,3924,5360,9735,8307,1654,4346,3925,4052,8895,4806,7565
1371,4977,1288,5444,8844,8878,7492,491,6492,2078,3400,1072,8360,9459,8980
1372,5910,9991,549,5693,7736,5251,7450,5849,8602,7273,9766,7202,6808,5213
1373,5488,8014,9990,1316,5982,7198,8062,9664,2913,4241,4748,1665,2558,3101
1374,7511,6627,5202,7842,1610,8063,1507,2080,2424,9791,3604,6621,7366,8872
1375,1812,6232,6428,2810,3580,5243,3226,3173,3588,1554,5866,105,4051,4422
1376,77,5194,2021,5069,5967,3463,8046,8519,9307,2994,7268,7982,6094,6036
1377,1647,7275,8551,818,9767,4463,9990,3039,653,5129,7493,3562,8367,9805
1378,8808,5440,2437,5929,2551,3670,2526,5266,3085,8253,1875,4552,1230,5898
1379,7438,2916,9866,1994,195,4320,2272,5055,9251,953,7583,5043,9928,4847
1380,8084,6817,1756,4331,2130,9738,2983,7172,7961,9051,8790,1610,592,5063
1381,9829,1551,3801,7291,994,4431,8909,9656,2299,4990,5469,7748,4000,7245
1382,9132,7255,3909,8488,9548,987,3583,6021,9706,280,5864,9239,9222,7513
1383,7852,7472,4289,3800,7666,2826,7316,2298,3939,7832,4487,6502,149,7579
1384,1468,1067,3096,3119,1699,3951,9482,2382,5518,972,9471,1801,2056,3215
1385,6966,2816,9187,9507,2116,9237,9040,7053,3525,2179,6238,2027,1601,4578
1386,9048,5267,2670,6873,6244,7349,9079,5642,7153,4522,2881,1672,4338,40
1387,1450,648,2338,7793,3776,1348,5102,5898,7433,8965,3112,6284,1739,8433
1388,9557,5346,2094,2835,1799,1913,3798,4943,4356,7740,7443,6366,7145,1547
1389,4488,3796,8427,7518,8941,6464,5527,2816,8494,6400,4699,7153,7158,3996
1390,551,8302,8471,9104,5174,675,8829,3571,8783,2093,2391,5125,4420,6362
1391,3314,5580,870,2748,8145,6317,6930,1471,9472,8234,2094,7223,1311,723
1392,2516,311,2077,1654,3647,4547,4321,4563,5543,7081,7475,1852,3181,9454
1393,9573,5345,1256,988,1785,8902,5146,1350,5436,9932,5586,3941,5453,4865
1394,9103,8323,5192,1835,5629,6304,5299,254,590,3262,1081,9659,9501,4562
1395,7568,598,6093,4032,4757,5925,281,9108,7031,6276,7226,1480,8146,5424
1396,8321,159,1054,8578,6335,1963,906,4522,2143,9481,639,4860,6496,3763
1397,4463,5389,5505,9023,4735,3341,5871,324,2128,7610,1592,7086,5645,7314
1398,6876,2400,418,6245,8687,4159,3429,6891,7944,8048,3727,3212,3111,1806
1399,1181,7121,7546,8518,3494,2351,2165,2269,2770,4761,1976,5725,2295,2586
1400,833,944,4319,9193,4198,9611,5772,4560,7499,4658,8306,8163,2135,995
1401,2940,8877,869,5570,7005,1164,8333,4273,2939,9087,1882,6013,2838,1166
1402,8619,6970,695,8112,8291,464,3992,8531,3707,8999,8859,2471,4362,8673
1403,2651,1018,7768,5228,4622,318,1980,4860,6135,3288,4553,3235,5105,582
1404,9342,1599,7131,9440,6797,3133,4564,7660,804,692,2487,5104,6326,8681
1405,3850,7257,7158,3575,3141,6400,3945,329,3050,5915,4805,3070,3947,9875
1406,9037,9390,6382,9181,9940,6002,6903,326,8268,9848,8975,4242,9482,6882
1407,9968,1921,9968,4860,7018,7688,2643,7369,8771,6911,8260,9242,611,3518
1408,9685,1646,7942,3363,5487,3349,8282,5993,4911,8991,9727,257,7491,1207
1409,2897,4005,5882,2321,3231,716,5904,3288,2183,5468,4781,2692,5613,9868
1410,152,3318,5926,6452,2024,3250,9163,7633,2602,5135,3013,7699,4660,2499
1411,2688,3267,9839,8531,9396,277,4279,6348,3313,166,6001,1381,3832,773
1412,9988,1615,5199,529,9411,8002,5724,1606,4722,3774,8350,8013,1677,8550
1413,5184,7111,4610,4573,3394,1302,8010,9244,9106,2900,9551,1738,6560,7168
1414,1880,7451,1469,5542,4458,3035,3539,6567,9082,6646,672,3588,3323,4552
1415,2966,767,9407,2326,2710,287,4840,6382,3564,834,1311,4559,2244,653
1416,9390,4561,4260,2566,6283,989,5329,9074,9237,5537,3979,6686,7016,8162
1417,6378,9477,8478,7193,8614,8958,1271,2050,2209,6496,2776,2293,2631,9009
1418,8606,1355,2473,388,947,9387,3991,266,6090,5324,7853,3582,7704,7857
1419,9026,6498,7553,6721,6233,8640,806,2149,3584,8460,3589,4865,2127,5456
1420,2059,5762,7570,7398,7426,9041,196,4043,4892,1751,5585,1987,2634,8946
1421,8231,9639,724,399,737,5082,9289,7832,9547,1007,3977,2220,6918,1096
1422,5881,1448,3796,835,8065,6817,7519,3524,8384,8365,3757,6293,8124,9931
1423,7036,4350,7614,1698,2500,3952,7759,342,2932,3638,3817,7289,3999,4049
1424,5756,1444,4977,3244,5707,9961,3240,8122,6693,660,6988,5817,7730,8646
1425,4860,7740,349,5537,2265,5721,4800,3398,2332,8164,2086,1136,2991,3861
1426,8774,8373,8478,9685,3637,4629,9065,7544,5709,6349,5453,8374,6384,1426
1428,2536,62,3826,566,4355,8115,3994,105,647,7462,9511,2640,5107,3653
1429,939,6534,533,3255,873,2745,4451,7308,700,8437,5466,7727,8942,9126
1430,7536,3245,9100,6476,8812,4269,4729,60,4892,2362,847,6138,7163,332
1431,6856,8175,8626,7433,242,8010,5169,2887,6726,3834,1401,1614,7519,1652
1432,6108,1519,549,6441,6144,7348,8071,7345,5961,1356,4532,4363,3570,5461
1433,1078,9383,666,5690,47,3834,7265,1893,2290,4025,1349,258,8618,7344
1434,1127,4427,4941,4795,7051,6345,2233,6904,7598,5733,8001,6995,5342,5171
1435,971,9713,5005,7926,7672,5387,4827,7420,1593,196,9009,3154,4282,1316
1436,4170,8334,5945,8739,4235,9877,2486,1771,438,8176,1897,1091,2129,9335
1437,3055,286,3042,6967,9734,645,1852,6928,2618,5285,5970,2741,2614,8653
1438,6894,247,7235,3006,7475,9708,8999,3139,7159,1029,7167,6373,5224,7416
1439,5244,1976,1559,2419,3106,8888,8315,4382,8873,3249,5526,8631,2954,6787
1440,3424,1295,982,2895,6221,3060,4437,964,5932,8938,3555,7102,3424,515
1441,4483,4014,2163,4732,6799,2755,919,5155,1909,4310,4148,9641,6841,1468
1442,8655,3583,8891,8278,3850,5128,8730,4882,2446,8274,2355,5666,1492,7639
1443,9196,5767,8009,2144,6970,575,4568,4355,7706,1180,6741,1862,6583,4096
1444,9994,6487,2803,9638,6496,6837,5831,579,4438,7093,957,5959,898,789
1445,6726,1900,7163,6264,7719,8236,6391,3533,7395,2983,1178,8889,2195,3150
1446,5195,5447,6877,4687,8871,3996,7118,4558,5904,7575,7158,8122,2990,1922
1447,2620,2484,2611,2378,608,5748,7491,5812,6567,9977,672,5168,1904,482
1448,8018,889,9536,1267,2819,9064,3594,9111,3176,1781,131,1669,8529,308
1449,7397,8567,4346,5621,460,3280,3247,3802,5969,7360,9480,6610,2981,9495
1450,1651,3719,3860,5828,1599,6831,8039,9333,1735,3587,7052,6035,2081,218
1451,7228,8208,4599,2472,682,7624,2047,9600,7100,9537,1943,1872,6293,8956
1452,93,1262,604,4197,4559,8463,5044,9748,2744,4254,1783,8878,7465,3715
1453,8000,5524,2876,5086,7265,4543,7819,2301,1508,3371,3192,4446,9763,184
1454,4258,8781,5267,6677,3339,2342,894,6978,8488,9773,1106,4456,9197,6453
1455,6164,9783,2289,4880,5716,3069,9531,5896,8895,5517,3993,9521,1299,3542
1456,4174,6355,3637,2584,7015,7389,9167,363,7501,8379,7982,7787,5562,6065
1457,2205,4401,1154,5587,9009,1635,6290,1181,8003,6124,6177,6607,2595,3984
1458,3647,6118,6118,6419,9225,8667,2625,9241,3571,2247,565,2926,6517,918
1459,8815,9856,6949,33,5890,5666,8450,3115,8091,7775,1777,3146,3644,3912
1460,1348,3971,4569,3586,7714,9232,4655,4484,4830,5993,1710,4656,113,506
1461,4725,4990,1491,2296,8499,5899,124,1679,5193,6649,5488,7435,8315,6381
1462,9770,3427,9978,3621,5619,302,1464,8842,9242,5487,4070,8501,8154,3278
1463,260,9648,2869,7937,154,5365,8977,3226,6958,6046,7825,524,1284,5347
1464,9947,3758,1378,3896,7181,4278,1123,9308,6614,3533,604,4502,4743,6383
1465,9626,7761,1517,2403,4708,2708,6006,8035,3,9635,8690,3083,1560,8869
1466,6017,8012,2581,5219,6302,1682,6228,3820,8428,2051,9006,6178,9214,3847
1467,5009,5649,9028,770,8961,9171,3947,8975,9794,8046,840,7602,3404,8498
1468,1421,3138,9833,6127,4674,5920,6797,6665,1219,7662,2177,3925,5668,7811
1469,5439,4137,6958,3228,7046,1339,5680,3711,8893,3782,8369,2020,6463,4357
1470,1535,8873,2290,9578,1748,5436,982,4356,3732,573,4169,493,5859,4969
1471,3634,4109,7467,2963,8369,8357,3331,6022,9598,4451,7418,263,7551,1290
1472,5205,127,34,6697,4044,2439,1340,1569,3846,246,8995,3976,177,5640
1473,9480,1453,1643,2511,6323,2056,9933,1509,6353,5221,9920,3337,4754,9886
1474,6449,1600,6368,4321,2128,6436,7783,863,1819,1346,8966,1480,7032,4221
1475,9001,7621,6179,4644,1200,7196,5919,6344,5767,9222,9054,1624,8741,2897
1476,8270,363,8874,9085,7348,90,5436,3951,5017,3683,6724,6751,8176,992
1477,9806,2938,2764,5291,7239,1558,6331,9402,6066,67,7349,2218,1950,452
1478,8424,5631,4324,813,9960,5062,476,9944,9083,3684,1146,246,6438,1609
1479,9368,8189,5687,8041,8825,4789,1512,1035,4893,7054,4120,8503,5699,8441
1480,8638,3352,1959,288,4737,7489,7728,1369,3116,7202,1765,2788,5839,4251
1481,7775,3159,1957,3698,8428,7425,9889,3573,7928,73,8685,1874,5127,8578
1482,5383,3989,7933,2094,4036,4326,8516,6101,3575,8849,3756,4462,545,8186
1483,5183,1637,2342,8953,4673,7449,71,9398,265,5468,5356,2173,48,6530
1484,5966,331,5780,4480,8080,9245,2285,8845,9680,6747,4447,9041,2051,3874
1485,3369,3492,9769,9047,16,3425,3846,4021,949,5233,1383,3393,1144,8951
1486,6765,9490,9506,2391,3503,8821,4431,542,6355,8144,1397,6228,4494,6498
1487,8427,6049,8830,6818,882,9410,795,8353,7169,4518,7158,9294,4307,3161
1488,1448,6567,6555,1344,2001,2999,5803,288,4813,8303,9901,9908,8758,980
1489,5104,1699,231,8262,4555,9073,8916,9322,544,391,2323,8740,5322,9750
1490,8847,1833,3267,5200,5676,1056,6984,5772,3135,2122,5095,8009,2870,7772
1491,587,3805,4836,2950,2164,1299,6852,8037,5472,5624,3754,4064,7121,754
1492,5809,5803,8323,3339,1429,1622,535,574,6700,8284,6622,2783,9115,850
1493,9855,5625,6529,2182,6523,3554,3564,9150,5925,8457,4639,1401,7162,9505
1494,8781,2035,9397,3698,3587,4011,6572,6353,6362,5672,1025,1773,5072,1890
1495,7358,6946,4311,9222,7095,5546,7113,2833,2159,7356,2346,9146,9043,6032
1496,1580,9535,2051,2010,7934,669,8143,5815,4691,2850,811,7668,3932,5343
1497,1660,9137,3837,3107,8382,5846,8538,2924,5238,5845,7008,9100,7460,9760
1498,5972,3161,2005,2456,2555,4526,3354,6958,1925,5480,6548,8520,9406,3556
1499,4840,1761,9063,8046,1728,8314,8721,7827,3523,7154,6158,913,160,4090
1500,1611,8185,2166,4701,6718,2841,2793,4079,2327,922,1392,3722,8283,9359
1501,3668,4696,6913,1467,2783,3316,3448,2192,261,7191,3168,3287,1001,4743
1502,7134,5872,3351,3002,4931,8614,2278,6182,1360,3946,2071,4234,6305,4562
1503,8746,8575,9832,2495,315,5785,5107,2868,1587,2561,5636,1625,6072,6714
1504,3297,5857,4728,5575,3868,853,2930,3306,6004,6871,7746,1628,4974,6718
1505,2508,7722,143,8930,7621,3097,749,7948,143,3403,7432,249,2953,7094
1506,6308,9906,657,7241,6860,2014,1545,4650,7250,2040,4785,8014,2403,1373
1507,9553,7022,4936,1353,862,7222,8882,2934,8260,9364,6108,2663,6558,8921
1508,1926,305,5408,3292,9777,7055,9177,3513,4040,8644,6336,3919,9392,5621
1509,7859,1161,3856,1373,4724,8765,7290,2996,5536,8380,742,120,8628,1883
1510,7967,6460,1246,1368,9600,9063,5461,375,9581,6159,1016,1428,6646,1019
1511,2973,3208,620,5941,7285,4980,7302,7250,2945,3784,8365,6377,5388,5630
1512,2176,2289,3023,6947,310,6084,2312,2168,8286,8471,5258,6197,3354,9610
1513,8036,3913,3206,1724,9113,2655,6027,2083,1777,9753,7419,9714,9929,9885
1514,9375,2081,4097,7742,1777,2547,6155,6285,7220,9256,9796,4306,7003,5337
1515,5521,8216,5664,2664,2816,8596,7238,449,9969,16,390,5941,1505,9324
1516,5521,341,1870,7199,5077,9384,1954,3122,3673,2170,4503,3086,418,5580
1517,2974,4848,9462,4244,7569,1677,5158,6073,9377,4876,2501,8979,3847,104
1518,125,3049,4881,1735,7936,9782,9241,6545,7069,4596,7659,7258,6509,4451
1519,5441,889,1315,3214,3283,5862,3173,8697,6980,7198,1751,2772,8078,486
1520,8608,8099,4257,8286,1510,5481,4894,3082,3360,4403,2622,6529,8425,3459
1521,7606,1380,7373,2418,57,8841,238,7081,5953,421,5398,3737,1051,76
1522,6417,4089,9893,2998,2772,3154,3695,1430,4247,3634,3175,5135,5109,7567
1523,778,4770,8656,8701,4730,4587,7567,4722,1998,6392,3487,7711,9228,8583
1524,310,6303,3076,6067,4778,2378,8524,8397,3709,3709,9903,3939,9977,2528
1525,684,7551,3206,4900,6393,4570,2851,3687,1404,7203,6053,2031,5521,9699
1526,2800,3872,2863,2125,9996,5459,4813,6813,9201,9627,4100,3821,2220,5940
1527,4037,9503,2186,3898,7875,1629,9977,3026,8412,5388,3131,4915,7351,6275
1528,6485,3495,7243,3415,8225,2160,3877,2177,2337,4301,6437,1373,251,6403
1529,3032,4918,9266,1564,2461,2805,828,3082,5977,2430,4641,8710,4607,1644
1530,8731,2054,5145,346,8119,9474,7951,6117,9196,2249,6298,1341,8310,1288
1531,7484,4986,6877,9612,9544,2200,5683,934,4438,4686,8949,5293,292,4734
1532,2020,5755,9609,5006,4305,1942,4609,1841,9544,1274,3220,6099,3666,1051
1533,766,4407,4601,4372,345,7457,7595,5107,6934,3134,6744,1472,2431,7362
1534,3370,1119,2842,8933,3054,7695,2192,9763,1888,3800,4542,3085,3397,1468
1535,9334,3881,5110,5475,4431,3800,1674,1461,330,1399,3782,9568,5636,4627
1536,3876,4545,6823,1650,1270,9460,3067,5244,9570,2499,6350,1485,2597,2456
1537,8843,9800,3353,5901,4420,7324,2351,5027,8078,1939,2247,4304,6042,3029
1538,1343,9035,1512,2404,7369,7621,9254,3034,5709,1872,2605,6800,5504,1828
1539,2918,2684,4513,466,1152,2936,6732,5550,9918,9256,8662,1307,6466,1712
1540,9582,5962,3304,6295,3816,236,304,318,4995,5784,2175,8149,2152,4322
1541,2116,361,3967,5924,3048,6726,7356,9480,2167,6056,1953,2234,9504,4755
1542,6209,3814,9421,2929,5890,4126,9333,8647,3464,5901,5560,5539,8114,775
1543,3912,6378,9664,8472,2251,6823,351,4294,9602,221,2223,3409,6378,9815
1544,8534,6157,5466,8635,2886,6270,2966,7108,1129,1060,3253,139,1130,3608
1545,5402,8828,7345,448,1048,5602,3903,888,4682,8369,2016,5820,7684,9508
1546,8280,9892,7727,3046,6721,8482,7261,3172,1558,2915,9173,2092,5259,1640
1547,5162,5550,4934,7069,1088,8610,8736,2914,9757,7972,8819,5949,6860,8077
1548,4989,2276,2460,4867,4014,5674,8752,9097,1277,777,790,2543,8784,2375
1549,5343,7034,6457,3997,1068,8771,1933,91,7991,1547,9745,2039,1107,9012
1550,6447,421,8321,4865,1007,932,864,0,4400,4564,7869,481,8509,4744
1551,654,6059,9443,498,8031,9265,3819,4244,2069,5787,6745,3671,9395,7322
1552,8922,437,2653,8405,8502,1733,852,9301,9693,3012,9723,8307,6538,643
1553,392,6509,4054,8378,8232,207,3217,6366,7951,3461,2639,395,5762,5582
1554,2803,9371,6917,2439,9116,5010,1946,2814,5927,1031,4247,8177,1458,5460
1555,8650,4882,3430,1122,3643,73,9931,3184,4941,3299,5903,9929,5856,1463
1556,5158,6164,675,3471,2111,1926,3963,136,8374,4320,1941,48,4831,1956
1557,1912,1411,2837,3301,7242,8941,6701,5703,2887,3783,2902,719,8725,8531
1558,4277,2283,2714,7515,720,9090,6173,1975,6397,5070,727,3673,1627,4937
1559,9744,9784,4847,5235,3776,4018,1814,5234,754,3884,1115,8398,6831,5656
1560,2262,228,3611,9782,4016,9614,336,5033,1546,4379,5317,7299,9265,3379
1561,5088,6142,7147,2959,3641,537,420,2847,2274,2323,305,7143,3609,4286
1562,3580,912,7319,538,7638,5928,7383,5404,1898,6738,2930,2326,8861,3568
1563,6882,3293,5630,1655,3909,7373,3441,4989,6469,5644,8040,1160,8933,4636
1564,6007,9264,6733,5238,2962,1238,4522,1153,1720,3110,6737,2056,2458,1981
1565,218,5680,3978,2220,2969,8320,9257,1610,2314,3153,2961,1153,7080,3679
1566,4090,9854,982,4279,7973,3259,1143,3698,5824,2883,8184,6734,4348,7813
1567,7591,1532,8431,3413,6430,8136,1860,38,5623,4358,9021,6998,5269,6637
1568,2611,2731,9831,1598,5932,5410,3043,5008,3680,8638,6124,936,2410,8098
1569,5768,6374,6693,4838,9807,5572,1570,7200,7782,347,3684,7623,3912,3818
1570,6613,2001,7702,296,7974,1562,5429,5536,3478,6889,5240,7922,9913,907
1571,295,7750,1537,4462,9761,8871,4357,3269,4343,5291,8415,683,9963,4956
1572,1001,9896,8638,7921,8724,9747,8035,7684,6922,502,8215,2283,954,1742
1573,8378,9897,4376,7790,9797,5401,8297,1983,5483,8145,2974,2009,9028,6091
1575,8293,2992,2976,8863,8177,6516,3288,5846,1605,986,842,4979,9326,5105
1576,8088,7398,7892,8818,4744,2330,5530,5242,1762,4701,2583,1060,7742,7611
1577,5408,6299,2072,6600,8906,3907,1856,8777,8952,9429,6940,4938,6888,696
1578,9432,8856,3447,5083,5405,4297,6935,8265,5456,4189,9870,5119,4343,5425
1579,8526,7831,8572,7559,1160,9782,5699,8854,4016,199,3301,416,6819,2824
1580,8767,8507,7559,7855,3850,8122,3122,713,5802,4270,4695,2785,8846,1798
1581,6361,9081,6840,1259,8001,5046,5691,6083,4945,6862,9403,6470,1698,9618
1582,5645,8246,6294,6477,7214,4240,5566,9962,2150,5010,1678,8315,2329,2901
1583,4087,1502,8074,2449,7598,7114,9311,6418,3153,6097,6777,2436,6539,6413
1584,4807,2142,2544,580,3499,5612,3985,7126,9835,5548,2902,3039,5355,1116
1585,9844,2344,8649,190,3596,156,5331,4694,3350,1692,625,5423,1018,2803
1586,1448,8805,3001,264,416,3864,1521,5505,9059,9686,1763,2726,3185,7289
1587,5885,1786,9856,2916,6228,2448,1056,3584,6958,6114,7308,8309,2323,8090
1588,5123,4075,884,6718,5968,7109,5894,5930,3923,6116,2969,7810,6916,4397
1589,831,5634,8212,7646,4908,5624,39,9132,5627,34,9757,6768,442,1300
1590,6250,8000,1287,8551,9206,7059,4520,9514,7549,3770,4208,1328,3982,555
1591,136,3408,4176,1997,2967,8326,194,4915,2719,2235,1642,1422,9297,1323
1592,9540,8389,1105,1016,756,9764,7758,8440,5057,497,2035,5480,4073,6932
1593,9678,4217,6474,4417,4608,2674,5622,9866,4855,446,2849,500,2836,5394
1594,1775,2628,5174,1273,291,7020,9842,6705,911,7355,8675,6374,2096,2631
1595,1553,8518,4907,6273,3090,2548,445,294,3626,4509,9961,1202,8632,6916
1596,5003,7833,5656,234,2014,2064,2677,3317,7069,7250,964,3603,5899,714
1597,9416,1557,6744,113,8499,8220,7769,5990,5834,5664,3096,8459,5878,2840
1598,4155,7266,705,3555,4574,9602,3831,1,9206,5972,7400,1180,553,246
1599,3538,9168,673,7543,5936,9276,4236,8569,6146,7810,101,324,1652,8983
1600,6410,6297,2156,8388,876,6547,4990,7475,733,7688,1405,4083,5864,5711
1601,9654,9763,7585,6512,1357,3402,2362,2080,7722,4678,2086,5506,8921,4364
1602,2933,3626,9306,4041,4619,1374,8368,8001,6892,8558,1876,264,5127,8122
1603,2479,7432,2059,2347,2419,106,2504,2455,5612,8835,9919,6479,4727,7427
1604,581,9295,3749,3829,7106,6248,4259,5971,2470,436,8008,1775,8200,3242
1605,8988,4928,8509,8071,6139,2216,2390,9914,4637,7692,5396,5193,1341,1359
1606,7469,7061,4107,7658,5758,4456,2275,9007,7326,378,4997,3252,5202,5478
1607,9607,5711,3323,3954,5907,4303,320,9218,6176,9399,7281,7745,8868,8987
1608,8338,2538,6690,503,1904,7266,1759,2759,4585,768,6051,9698,4331,9147
1609,3832,6308,4823,5482,2619,9974,5298,6421,1859,6969,3915,3392,2025,7875
1610,75,9172,2640,4134,9354,8835,1377,1687,6433,9476,4036,1187,2740,8833
1611,3674,1590,8678,6644,3713,9673,3982,656,5197,3225,4554,8641,76,16
1612,5645,1095,3612,5456,2502,7820,2256,4339,1599,8245,1973,9817,5006,7617
1613,632,1689,8047,3251,2984,32,9819,2346,7687,6420,3910,2263,2055,4426
1614,3489,6129,4402,1632,755,7398,6404,3340,9719,3298,6720,772,3468,5865
1615,5141,8057,3001,2221,4435,680,4018,5443,5216,9097,6728,9888,857,5740
1616,3279,8936,8933,3913,2521,71,9883,4073,4451,118,4601,6885,7387,2354
1617,7971,179,7335,2212,6493,6569,3325,9092,886,2193,3734,7557,8082,2095
1618,0,9607,1947,8845,8281,634,8454,9465,2076,788,2862,6572,595,3656
1619,6111,2368,6108,6568,7818,7377,9504,1556,4962,3005,6337,7383,9323,7807
1620,3781,2199,6233,1222,2739,1257,2789,3827,8944,5950,2845,5077,9868,2695
1621,9956,6525,4104,3664,1683,4212,5030,9512,9928,6060,6984,6404,1375,5083
1622,37,1421,1021,3652,7201,8420,3669,4874,696,4429,7898,222,788,9646
1623,5084,7354,8121,7407,8626,9236,3485,7045,560,2645,1007,93,8339,2516
1624,8407,3232,4247,3487,8103,5186,5709,1966,6324,936,2626,6743,4115,4797
1625,8655,3299,8712,2476,9853,908,2800,1827,6305,6748,3657,826,9208,6577
1626,8370,6451,3605,2026,2990,5533,8622,6398,8779,1209,8670,4220,3326,2746
1627,9411,9381,9818,4106,1278,1847,8092,1606,1222,585,8138,5944,4952,5521
1628,873,5539,8901,8058,9938,5052,7407,8039,4064,3129,3502,9098,8388,6150
1629,6120,7443,1885,3755,6152,8315,1988,2092,5200,1199,4775,4559,8806,7863
1630,4325,142,2430,7642,2335,2593,3492,390,2770,6665,6652,3103,4896,4923
1631,4936,6600,472,4923,5921,5018,2017,7977,5314,7152,184,7474,351,9384
1632,748,362,6821,9231,6210,6236,3952,7880,1380,7186,8239,7969,4097,8488
1633,767,469,9303,1543,7180,5492,7813,5733,3717,7884,2793,5020,5510,3355
1634,6652,4562,3901,4348,8416,9985,8600,5324,1110,8013,4824,5774,5375,6635
1635,1408,2188,5295,9345,612,3767,1434,9748,3316,3856,2317,1700,5537,845
1636,362,120,4914,8856,3234,7806,4755,7150,4532,1647,2553,3079,4278,9253
1637,3097,1757,5461,8356,6089,7173,7645,555,7968,5524,987,6445,2937,7183
1638,2268,6415,2070,2465,6357,3415,8556,4554,8816,3045,8718,5774,7199,317
1639,8817,4514,4765,3975,4531,4372,5169,9196,5200,7227,1444,8309,7140,3057
1640,8927,6510,6041,7045,8922,9276,3690,8773,1750,717,7822,887,4691,3757
1641,2763,9158,3449,3809,9112,2585,6662,7721,5210,3308,3365,3092,3615,5399
1642,4390,1763,3709,3753,1480,5738,7930,5009,2766,5468,1266,3471,8260,9079
1643,3844,6037,4803,7029,6020,8861,3622,8674,6582,6013,7700,1886,856,170
1644,8278,3145,2673,8745,7377,7818,5682,6800,3751,7004,6967,5035,837,9510
1645,2126,570,986,7214,2735,6977,231,3638,726,7073,8784,7114,8891,1802
1646,1744,1774,4515,3726,7887,1324,8048,4121,5960,7558,1048,4273,3610,5671
1647,7472,6970,3780,8496,9523,8731,2088,1700,8150,4833,3265,8968,2382,4992
1648,4701,2492,6054,7666,3604,5909,283,9945,2703,8337,2992,8626,3380,1745
1649,7423,4653,2664,1705,5722,9070,9011,2403,9805,7077,7168,2992,4212,9228
1650,2757,8259,7037,4888,3601,4773,6426,2450,9472,9189,3574,9179,9137,973
1651,9365,8357,4130,7857,8568,7410,9239,1687,4013,4546,2381,1235,5054,3048
1652,9443,2552,3966,1450,8680,6757,294,7586,8703,9775,7778,419,914,4332
1653,1805,2914,8286,4314,5130,9867,6547,3726,5976,9968,8260,4973,8838,7345
1654,2347,2084,214,4022,703,7205,8400,1596,7920,3753,5020,9982,6599,1053
1655,5909,3558,5317,9159,7899,5791,350,6141,8144,8581,9716,4497,3995,726
1656,7469,5054,3360,4066,2904,5579,6996,4051,5086,7820,3529,3232,7810,4829
1657,8052,2552,7435,5443,9172,9067,7103,4006,6874,2143,3511,3613,8914,9937
1658,8816,5087,7122,6093,2966,8550,9319,6083,9317,906,7667,9013,1687,9663
1659,1246,9,6278,9091,3684,2018,5976,8271,6339,7408,4723,8657,312,4658
1660,1466,2726,8620,2801,7856,9567,3680,1674,5480,2530,7614,6659,2306,8843
1661,6095,5833,7331,4965,9512,8220,5141,3634,767,3531,2711,1903,3488,5439
1662,6244,6354,2838,4798,5467,2347,7048,741,3180,6450,6238,1803,9145,3957
1663,4772,802,5350,6523,3580,8631,1068,7901,9854,7548,6555,23,4576,2484
1664,3657,25,1116,8543,613,7232,8197,6195,5266,6412,6444,857,676,3163
1665,1681,9016,6756,4563,6247,3697,2836,1702,1871,5589,7091,8554,8854,755
1666,5381,587,6328,5248,2760,9801,2713,9139,2953,4335,4545,365,4109,3556
1667,6305,1339,790,9183,6986,8435,1173,2283,3484,9927,9558,3231,8335,917
1668,1464,9884,3892,988,4154,8932,9281,614,7376,2163,4758,475,875,403
1669,7698,9845,9770,1390,5001,1170,1913,8084,8982,3574,3907,3503,4592,6585
1670,557,8935,7548,2124,1397,2920,6149,8639,8051,5594,2082,8874,4098,1611
1671,5221,9160,6399,5095,787,4928,911,8637,5225,7606,4174,412,4012,5268
1672,3010,7537,3653,1160,4085,1710,4589,6161,8300,7925,2974,4038,4116,3922
1673,2507,7651,7514,8029,2756,8897,4978,6432,5911,2430,6461,8853,6368,921
1674,5945,7431,7521,8274,521,7408,3861,5722,1712,9357,4158,7244,3547,7090
1675,354,5124,6153,4869,1012,2280,6150,2791,6502,8366,6736,4545,8771,9653
1676,9217,7371,8559,7624,5304,9565,7733,9140,8340,9372,2751,2338,8592,4396
1677,3328,8982,7252,1930,4008,6805,1946,7064,6905,4293,5304,1695,8440,651
1678,4064,4267,103,4213,2856,4019,5831,5004,7034,4615,2304,1669,9500,1190
1679,841,8819,85,4632,3885,6787,6140,6297,8855,5878,8556,7451,4757,2886
1680,3107,6292,2675,9056,9359,5411,6038,7655,4375,280,3070,5015,901,5585
1681,3860,337,5692,7356,1631,7132,2201,5033,6721,7606,7890,805,4342,6800
1682,6079,350,5864,1354,262,1551,5507,345,4433,8949,1448,8948,8406,8706
1683,836,9522,3166,4758,2791,3234,797,8107,4834,7580,2591,1210,3993,8519
1684,4672,1417,9980,7905,2534,6404,6362,8775,6031,8355,3694,376,8945,498
1685,1967,5591,9941,6616,4940,6483,7822,2934,1455,6572,9283,3393,2930,3173
1686,9918,1446,3680,2466,694,9364,5857,1029,1411,9353,1552,6330,187,1632
1687,4290,3183,7360,6055,8218,1774,1174,8439,8129,217,7424,185,2119,6389
1688,869,173,5077,1321,1804,3555,6310,5467,5301,8704,1675,2407,7022,9284
1689,5322,3668,9977,3936,1288,5738,5997,8441,7108,7629,420,9867,6121,809
1690,8593,9382,5204,6001,5965,3636,3464,9979,3425,6280,5024,660,7984,360
1691,2975,9427,352,9413,6941,1282,196,3732,8422,2020,8877,4571,6047,4580
1692,6095,1629,3905,4548,6939,4424,9920,8332,4223,1849,2178,1007,3938,8875
1693,1999,2819,912,5931,9386,4698,2469,4728,6265,3551,8334,2034,3815,7068
1694,3178,6471,5341,3385,8100,8874,7743,7110,947,3155,1305,2889,5709,1468
1695,8072,949,5054,6254,7331,5280,3163,9763,3581,6001,7221,637,4926,9968
1696,8759,8917,712,3406,3474,9664,5783,4973,1514,1377,605,8728,3526,3567
1697,1798,3800,6260,9959,2685,1513,3512,611,9868,567,2392,2606,2126,5231
1698,375,6314,1406,506,853,4811,3965,2820,6090,5972,8675,2103,2926,8292
1699,8373,5123,2675,2842,7496,3927,9500,9846,9545,799,7158,7318,4730,3463
1700,5278,5579,3051,490,359,7120,5263,7572,5821,3254,1824,1713,4276,6708
1701,1782,3301,801,5149,7787,2702,3764,2013,7831,2001,552,6697,6265,9823
1702,7456,9483,7136,8378,7255,4689,3195,9879,4946,8538,373,3886,957,9080
1703,9878,6537,7029,5434,5207,6706,2125,4078,6817,8845,1337,7252,5678,1769
1704,2673,7619,8680,1413,4741,5512,32,3105,1386,9058,8104,7747,7057,9905
1705,9920,7905,2306,4646,9509,2251,1170,951,6822,9129,1224,2454,3362,5185
1706,6650,513,194,6125,8166,640,9079,6124,2785,5626,7340,2447,182,5180
1707,5428,8367,7244,4028,5216,9969,9925,158,94,9287,2176,1308,5952,2363
1708,8548,8804,1308,969,2420,1627,9866,3320,3534,8191,6240,3,4658,6425
1709,9550,5928,8417,1273,8046,6696,3121,8449,9943,7750,9962,5902,3914,4674
1710,6291,480,5667,8048,1274,2409,4264,8512,3127,2166,2470,6805,1614,1982
1711,9459,5222,5089,1879,9831,5928,3038,6998,7409,4892,6705,5958,8564,9654
1712,1585,2390,5851,6211,5116,7669,9618,2379,2119,6651,6131,6958,3819,366
1713,1311,8487,9303,189,3983,37,2672,3199,5134,4253,3094,6162,855,4783
1714,4674,1585,3057,5470,4617,423,1596,3770,9236,5511,5704,3208,4988,5792
1715,1221,9249,1296,1165,8886,9663,2077,9186,7391,3585,6312,3203,163,1915
1716,654,531,3444,7797,5646,31,5159,8559,5119,2558,5727,855,9487,1287
1717,7812,5347,4844,1669,6198,9376,6757,1775,9330,3902,9987,9419,4735,1061
1718,2989,6047,111,3985,9487,1218,9025,8133,2798,9894,4328,8074,8324,1104
1719,8201,6221,9293,8425,5822,8469,5672,8369,3355,6160,2416,9144,4608,5183
1721,8146,117,846,6630,5949,5824,5884,6579,1667,7608,8736,5445,8300,89
1722,1410,6151,7979,2386,5538,140,8421,547,661,4416,3486,453,8900,4401
1723,981,7216,6569,3410,9416,9353,9116,44,9633,6142,4662,4870,6735,4333
1724,1536,5405,4002,5047,2263,2976,499,6549,8062,2328,4170,7715,6831,1514
1725,806,2942,1237,7540,6379,3130,4268,9866,9339,1287,9143,6346,2399,7018
1726,595,1154,8372,8570,3254,2384,8459,2286,3025,1495,8441,599,1575,6973
1727,5930,520,2265,5570,7068,2515,5383,1180,9839,6528,7692,7836,9816,5634
1728,5196,5747,3926,8419,3124,9738,4298,5095,8377,2169,181,5478,487,9000
1729,414,243,4597,1617,5855,3015,925,825,3942,7569,1872,9898,151,2526
1730,4546,3698,8545,7992,1732,9004,435,2153,5440,789,9846,3726,7545,9115
1731,4595,4718,2264,5134,706,4211,6541,893,8049,2487,3213,3118,7750,8777
1732,2646,9302,5095,7343,7761,8408,523,4488,3251,8940,8166,8309,1147,260
1733,3948,6536,4418,8386,5599,1938,8817,8002,7101,4188,8113,7384,6760,4479
1734,731,5671,228,7428,3217,6087,8163,9634,3501,8718,4597,9877,1832,1802
1735,3720,9985,5366,2941,1698,5566,3292,8239,567,2428,679,9015,6368,2984
1736,2734,8145,9688,2493,684,7527,3525,8329,1731,5392,3894,2873,206,2276
1737,6759,526,3693,9067,6358,8690,6589,51,9148,5086,9537,3238,9751,3838
1738,4035,2659,5479,54,287,4306,8765,1340,1522,3013,6083,9478,827,9628
1739,4044,3145,7609,9096,9037,4302,6442,4609,3976,3683,2433,5616,9198,2750
1740,5122,3114,4985,615,5402,527,8140,2257,1026,3769,3120,7516,3275,9115
1741,8862,9316,393,1636,1400,4443,1088,420,9168,8884,5172,8883,9562,8663
1742,4720,8060,9620,2825,5721,5700,7722,97,8706,1200,3959,3207,3605,5436
1743,2630,8504,7425,3115,711,4846,2135,9788,9348,4353,9495,1972,5234,3953
1744,9522,5472,3151,7778,4440,8503,98,5701,224,3040,4838,8845,5666,9840
1745,7736,6127,559,9189,1488,279,506,9327,1425,8569,5836,217,516,2413
1746,3354,6420,6077,4449,1945,6122,664,6730,3665,1177,3694,2125,4949,4216
1747,4460,2064,5211,5925,4152,6709,7353,7659,5120,4691,3926,3652,8539,2987
1748,633,2107,59,1138,832,7495,9834,821,1244,9094,555,9720,2055,7660
1749,6440,7479,5808,9734,8199,8507,2501,1340,7263,1736,8619,2245,1970,7043
1750,704,5402,8769,6537,5011,2403,4180,9228,932,7155,9930,8210,8946,1071
1751,3359,4027,548,3137,8529,3013,6578,3456,9314,5521,2691,7897,1898,9138
1752,5349,9897,8850,3134,9881,3803,7357,8811,7974,8100,8189,8950,7952,3798
1753,2133,7616,7100,6088,8367,39,8016,9707,9259,1147,190,5697,8256,5704
1754,1646,3056,8585,3928,6026,8039,5077,3006,2211,8371,3583,1907,7493,8917
1755,2073,9211,1515,9509,7689,3769,9684,2085,3943,105,554,4800,6709,4502
1756,8584,6806,9159,4620,179,6829,3214,3945,6458,8598,5540,3363,7178,5763
1757,3146,1720,4435,2307,7828,9691,8834,9316,1397,8635,8557,5213,6161,1904
1758,486,6740,7988,817,3743,7379,4618,9541,6781,8936,8748,1918,125,3425
1759,1786,5915,451,5134,5891,3431,9460,1024,786,7940,6876,3419,7281,2259
1760,9969,5879,8363,1310,2971,5981,7020,101,5569,3193,8650,9856,7712,9571
1761,8647,4501,9648,9723,5137,1013,8102,9794,9365,5604,1519,5331,4059,6961
1762,5106,145,4167,1046,9463,9918,5947,6627,4501,7233,8801,4283,8663,4474
1763,6471,4078,7694,9069,8740,4199,2943,4060,3445,1609,7507,3505,1371,1396
1764,7558,5408,2475,3945,4419,8384,1916,1057,6310,971,1804,3378,771,8689
1765,7526,509,1862,7695,7560,5952,6992,3955,960,3227,533,7264,5576,8531
1766,30,3950,3474,3374,3651,4750,1529,884,5098,9172,1140,2899,6697,5378
1767,4390,2453,7417,4701,5352,7130,3043,5381,6880,7906,9320,833,6445,2540
1768,1983,6291,4067,4066,4675,1543,9425,8001,2550,5692,7549,3549,8614,2776
1769,4396,990,7436,9363,2798,6898,956,9581,9776,292,1070,4029,6552,7324
1770,9357,1045,1202,8237,1685,1211,1100,8369,6823,1391,6213,6481,5177,52
1771,4179,7463,3243,7922,4465,4721,80,7236,1522,1390,6621,3084,961,2612
1772,584,1313,703,1085,4267,183,1126,853,8847,3246,9153,3547,9072,6463
1773,7404,422,3219,586,7491,1882,8781,1570,6525,3017,9532,4503,5937,6892
1774,2060,2364,4910,7125,9097,8184,7700,5840,4804,5953,9270,9804,9422,1208
1775,7186,9299,5240,4343,2968,3909,6710,6633,2074,1468,5995,6683,2460,8931
1776,7245,2446,9329,5755,3233,57,9815,8809,5840,6035,9634,7972,2213,9092
1777,8596,3360,6426,1589,1731,4016,8346,8666,7001,9720,2789,4778,836,2896
1778,273,121,7144,7719,5558,5751,3579,9635,2312,9684,7986,2546,1530,752
1779,616,2037,7960,9091,8764,3955,7226,1964,3148,9072,9269,400,2663,2444
1780,6668,2274,9918,2245,3538,9567,5742,9142,9675,3535,3272,9843,2015,641
1781,5308,7256,7210,3057,3359,4364,4397,3615,247,3628,6273,3242,4970,37
1782,1559,165,4841,6397,6632,2874,2519,7895,1223,9502,7966,1006,684,6682
