t_ms,Flex1,Flex2,Flex3,Flex4,Flex5,AccelX,AccelY,AccelZ,GyroX,GyroY,GyroZ,Pitch,Roll
121489,-2,-3,1,1,3,481,11,8209,-45,-33,-12,-3353,76
121501,-1,4,4,-1,0,536,38,8192,-41,-31,-7,-3743,265
121513,7,2,3,-1,2,548,23,8216,-48,-30,-5,-3815,160
121552,-1,3,5,-3,-1,421,7,8192,-47,-32,-9,-2941,48
121564,4,5,4,8,-1,579,-28,8224,-47,-31,-7,-4027,-195
121576,-5,-2,-1,0,-1,550,-4,8152,-47,-32,-10,-3859,-28
121612,6,0,-2,-1,1,507,33,8173,-47,-31,-8,-3549,231
121624,3,0,-1,0,8,550,-2,8176,-44,-31,-7,-3848,-14
121636,-4,1,1,4,-1,502,43,8200,-45,-32,-7,-3503,300
121735,2,-1,-1,-1,37,553,43,8207,-47,-34,-4,-3854,300
121750,-5,8,1,-1,2,538,43,8221,-46,-30,-8,-3744,299
121765,-2,3,-1,2,-1,519,45,8219,-46,-31,-5,-3613,313
121780,-1,-3,-1,4,0,505,-47,8233,-47,-30,-3,-3509,-327
121795,1,-2,5,2,6,593,4,8212,-47,-33,-9,-4130,27
121810,-3,8,0,-2,2,524,74,8118,-46,-33,-8,-3693,522
121825,1,-3,-1,8,4,476,7,8192,-48,-34,-8,-3325,48
121840,1,-2,-1,1,2,502,-19,8209,-43,-30,-5,-3499,-132
121855,-1,6,0,-1,1,562,45,8190,-45,-29,-11,-3925,314
121870,-5,4,4,2,-1,495,-9,8303,-49,-31,-5,-3411,-62
121885,-1,2,2,8,2,524,-28,8248,-45,-34,-9,-3635,-194
121900,6,1,1,-1,5,495,-62,8315,-47,-31,-6,-3406,-427
121915,7,4,4,-1,-1,598,0,8243,-48,-33,-5,-4149,0
121930,3,-3,7,4,2,517,16,8236,-47,-33,-7,-3591,111
121945,-1,-2,-3,3,1,550,0,8178,-47,-34,-9,-3847,0
121960,-5,-1,8,5,2,521,35,8219,-43,-30,-2,-3627,243
121989,-3,6,0,0,5,495,74,8159,-46,-32,-7,-3471,519
122004,4,-1,3,1,3,543,2,8149,-47,-33,-7,-3812,14
122019,-1,-1,1,-1,4,509,-31,8185,-48,-33,-9,-3558,-217
122034,-1,-3,-1,8,8,495,40,8145,-48,-26,-5,-3477,281
122049,1,0,-5,2,2,486,-31,8140,-48,-31,-7,-3416,-218
122064,-1,0,2,1,-1,507,33,8109,-45,-30,-4,-3577,233
122079,2,2,1,-1,2,565,-76,8142,-44,-28,-4,-3969,-534
122094,4,8,7,2,1,471,4,8195,-49,-31,-5,-3289,27
122109,1,1,2,2,-1,464,0,8137,-47,-31,-7,-3263,0
122124,8,1,4,2,4,526,-2,8248,-45,-32,-11,-3648,-13
122139,3,-2,1,-1,1,512,-19,8118,-48,-32,-8,-3608,-134
122154,2,0,-1,2,9,524,-16,8140,-46,-32,-10,-3683,-112
122169,-3,-1,0,4,3,476,19,8204,-48,-32,-6,-3320,132
122184,0,-5,1,1,-2,478,23,8286,-43,-31,-7,-3301,159
122199,0,8,-5,-2,1,507,35,8262,-48,-29,-9,-3511,242
122214,4,1,0,5,1,524,19,8207,-44,-29,-6,-3653,132
122229,2,-1,0,8,-5,483,-33,8259,-43,-33,-9,-3346,-228
122244,6,3,-1,0,-1,531,23,8101,-46,-31,-6,-3750,162
122259,2,9,-3,2,4,584,62,8221,-44,-31,-5,-4063,432
122274,-1,5,-5,3,3,517,21,8135,-48,-32,-3,-3636,147
122289,-1,0,-1,-1,-3,502,11,8200,-47,-32,-3,-3503,76
122304,-1,-2,3,-1,-6,500,-7,8228,-45,-31,-7,-3477,-48
122319,1,1,-1,2,1,509,-31,8248,-46,-32,-5,-3531,-215
122334,-3,-1,1,3,0,553,40,8195,-48,-32,-9,-3860,279
122349,1,-1,3,1,-1,548,-16,8204,-44,-30,-5,-3821,-111
122364,2,-1,4,-1,7,545,43,8149,-48,-31,-7,-3826,302
122379,2,-1,-3,-5,-4,531,16,8164,-47,-30,-8,-3721,112
122394,-1,0,-2,-2,4,481,-21,8214,-44,-32,-10,-3351,-146
122409,0,2,3,6,1,514,-19,8137,-46,-29,-9,-3614,-133
122424,2,0,0,3,-1,478,-31,8147,-46,-32,-5,-3357,-218
122439,-2,2,0,3,3,454,-59,8197,-46,-33,-9,-3170,-412
122454,1,-1,-5,-3,-1,476,-47,8178,-46,-32,-9,-3331,-329
122469,6,-1,-5,-1,5,526,14,8183,-46,-31,-7,-3677,98
122484,3,8,4,2,3,531,-14,8125,-46,-35,-2,-3739,-98
122499,-1,5,1,5,2,442,-19,8238,-48,-34,-4,-3071,-132
122514,3,-2,-1,4,3,459,21,8276,-50,-29,-5,-3174,145
122529,6,-1,4,8,0,560,-31,8152,-47,-30,-7,-3929,-217
122559,0,-2,-2,2,3,507,9,8157,-44,-32,-5,-3556,63
122574,-1,-2,1,4,-2,497,9,8180,-48,-32,-5,-3476,63
122589,-1,0,4,2,-3,509,4,8116,-47,-33,-7,-3588,28
122605,-1,5,0,5,-9,469,-9,8185,-46,-32,-9,-3279,-63
122620,5,-2,5,2,3,550,59,8169,-45,-35,-9,-3851,413
122635,-5,-1,0,-5,-1,521,31,8183,-45,-30,-7,-3642,217
122650,-1,4,3,0,0,490,38,8228,-46,-30,-5,-3408,264
122665,1,2,3,4,2,514,-7,8207,-44,-29,-6,-3583,-48
122680,-2,4,9,-3,3,486,-16,8185,-47,-33,-9,-3398,-112
122724,2,2,-2,3,0,462,-31,8269,-44,-32,-7,-3197,-214
122739,2,4,1,4,-4,478,33,8248,-44,-34,-8,-3316,229
122754,6,0,8,6,-2,486,-7,8178,-49,-30,-9,-3400,-49
122769,-1,-2,3,1,3,469,45,8137,-47,-32,-7,-3298,316
122784,4,-3,1,-1,5,514,40,8178,-47,-32,-9,-3596,280
122799,4,4,4,1,0,507,-14,8183,-47,-29,-6,-3545,-98
122815,-5,-5,-2,2,2,526,-45,8214,-49,-34,-8,-3663,-313
122830,-1,-3,4,0,8,502,-16,8171,-45,-32,-6,-3515,-112
122845,5,-1,1,2,0,502,0,8233,-46,-33,-6,-3489,0
122874,4,3,0,3,3,507,-38,8190,-45,-30,-8,-3542,-265
122889,3,-3,-2,-1,-2,469,4,8133,-46,-28,-6,-3300,28
122904,4,-1,1,0,-1,526,9,8118,-45,-34,-7,-3707,63
122920,-1,1,2,1,-1,476,-43,8202,-47,-32,-4,-3321,-300
122935,4,-1,-1,2,-4,488,-9,8178,-47,-32,-5,-3414,-63
122950,6,8,-5,3,3,507,-2,8178,-46,-32,-5,-3547,-14
123007,-1,4,-3,2,-1,524,-23,8099,-45,-31,-6,-3701,-162
123019,-5,4,2,1,-1,488,2,8243,-45,-28,-5,-3388,13
123031,1,-1,6,-6,4,490,9,8178,-47,-33,-10,-3428,63
123052,2,2,1,-3,6,519,-21,8130,-48,-30,-3,-3652,-147
123064,8,0,0,8,-1,464,16,8209,-42,-29,-7,-3235,111
123076,2,-2,4,3,4,488,35,8250,-48,-32,-6,-3385,243
123097,-1,3,5,3,-1,514,-26,8183,-46,-28,-7,-3594,-182
123109,2,0,-1,-1,-4,505,-40,8123,-47,-33,-8,-3557,-282
123121,4,3,0,-3,-3,553,-4,8145,-48,-32,-10,-3884,-28
123142,6,2,0,8,6,483,-16,8133,-46,-32,-6,-3398,-112
123154,-1,4,-1,-1,-5,519,40,8154,-49,-33,-5,-3641,281
123166,-1,1,-1,0,1,500,-40,8204,-47,-33,-8,-3487,-279
123187,1,4,2,5,-1,497,-38,8188,-48,-31,-8,-3473,-265
123199,2,0,1,3,-1,464,4,8164,-48,-32,-7,-3252,28
123211,2,-5,0,6,5,517,52,8137,-43,-26,-6,-3635,366
123277,3,0,3,10,3,490,9,8252,-44,-31,-8,-3398,62
123289,-1,1,-2,0,-3,512,14,8334,-43,-32,-10,-3515,96
123301,0,-1,-3,-1,2,538,33,8157,-46,-30,-7,-3773,231
123322,3,3,-1,1,6,517,0,8190,-44,-32,-8,-3612,0
123334,-1,8,-5,4,-1,512,-21,8224,-44,-33,-8,-3562,-146
123346,2,0,-2,0,0,445,33,8255,-44,-31,-8,-3085,229
123367,-1,4,-3,-2,1,553,-11,8286,-47,-33,-4,-3818,-76
123379,2,4,5,8,-3,466,21,8214,-45,-35,-10,-3247,146
123391,-2,2,2,3,1,452,-9,8245,-48,-34,-8,-3137,-62
123412,4,4,0,4,5,457,21,8219,-45,-29,-9,-3182,146
123424,-1,2,2,-2,-1,565,21,8243,-45,-31,-7,-3921,145
123436,5,0,1,-2,6,486,9,8291,-47,-31,-7,-3354,62
123457,-1,1,0,7,2,507,7,8279,-43,-30,-8,-3504,48
123469,5,0,3,4,3,553,-9,8264,-43,-28,-10,-3828,-62
123481,-2,2,2,-5,0,524,-21,8133,-47,-34,-7,-3686,-147
123502,2,-4,-1,8,-1,524,38,8169,-46,-29,-13,-3670,266
123514,0,-1,-1,-5,-1,526,-14,8192,-49,-30,-9,-3673,-97
123526,-1,4,0,-5,4,500,0,8259,-46,-33,-4,-3464,0
123547,-1,1,-3,-3,0,464,26,8214,-43,-32,-7,-3233,181
123559,1,-2,4,3,4,507,7,8267,-47,-33,-5,-3509,48
123571,1,-1,-2,4,-1,490,7,8133,-47,-34,-7,-3447,49
123592,4,3,6,1,3,507,40,8188,-48,-35,-7,-3543,279
123604,-1,1,4,5,0,545,2,8185,-45,-33,-6,-3809,14
123616,-2,1,3,3,-1,497,-16,8161,-49,-32,-10,-3484,-112
123637,1,0,0,-1,8,483,26,8159,-45,-33,-11,-3387,182
123649,5,-1,2,2,3,548,57,8279,-46,-31,-5,-3786,394
123661,-3,-1,7,4,6,464,38,8274,-46,-29,-6,-3209,263
123682,4,4,-1,1,0,462,-14,8113,-48,-27,-7,-3259,-98
123694,5,3,1,-1,0,471,-31,8180,-45,-30,-10,-3295,-217
123706,-5,4,5,0,-2,462,0,8188,-50,-32,-9,-3229,0
123727,-2,-1,-1,-3,-3,495,-23,8204,-46,-32,-9,-3452,-160
123739,1,1,0,0,4,533,-23,8137,-45,-29,-7,-3747,-161
123751,-1,2,-2,-2,2,550,38,8279,-46,-30,-6,-3800,262
123772,-3,1,0,1,1,483,7,8231,-47,-35,-5,-3358,48
123784,2,2,4,4,-1,541,4,8238,-51,-31,-8,-3757,27
123796,1,4,-1,5,2,457,2,8264,-45,-33,-7,-3165,13
123817,1,2,2,7,4,476,11,8161,-50,-33,-7,-3338,77
123829,-3,1,1,4,-1,521,33,8221,-48,-30,-8,-3626,229
123841,0,-5,0,0,2,519,-9,8204,-47,-32,-10,-3619,-62
123862,4,2,3,3,1,507,59,8147,-45,-28,-9,-3560,414
123874,4,2,1,-4,-9,569,-21,8214,-49,-31,-7,-3962,-146
123886,4,-2,-3,3,4,588,43,8157,-45,-33,-8,-4122,302
123907,-1,4,-2,-1,2,476,7,8188,-45,-34,-7,-3327,48
123919,-5,4,2,6,4,521,-4,8214,-46,-31,-7,-3629,-27
123931,2,3,-1,2,-1,509,-55,8171,-47,-33,-4,-3564,-385
123952,-1,-2,0,-1,-1,557,-14,8157,-45,-34,-9,-3906,-98
123964,-1,-1,4,2,-1,495,4,8209,-47,-33,-6,-3450,27
123976,0,-1,6,3,3,517,9,8204,-45,-34,-4,-3605,62
123997,4,4,3,2,-1,529,-4,8200,-48,-31,-7,-3691,-27
124042,1,-5,-5,-4,1,502,-7,8257,-47,-33,-6,-3479,-48
124054,2,1,0,3,-1,512,14,8204,-47,-33,-7,-3571,97
124066,0,0,1,8,1,529,31,8245,-47,-30,-7,-3671,215
124087,0,1,-1,0,-1,454,-7,8157,-45,-32,-9,-3185,-49
124099,2,1,8,-1,-1,490,-47,8274,-49,-32,-9,-3389,-325
124111,-1,1,4,-2,-2,486,-52,8197,-47,-33,-8,-3393,-363
124132,5,0,-1,3,-3,486,-16,8171,-44,-34,-5,-3403,-112
124144,0,0,4,1,-3,447,19,8137,-48,-28,-6,-3144,133
124156,4,3,5,4,1,505,-23,8133,-47,-31,-9,-3553,-162
124177,0,2,4,0,2,490,-4,8123,-44,-35,-8,-3452,-28
124189,-3,0,-2,8,-1,521,74,8248,-42,-34,-7,-3614,514
124222,5,4,4,0,2,442,-50,8262,-45,-32,-8,-3062,-346
124234,-1,3,2,4,4,495,0,8118,-45,-32,-3,-3489,0
124246,-3,0,-3,-2,1,483,26,8149,-46,-30,-8,-3391,182
124267,1,1,1,5,-1,435,-69,8200,-46,-31,-6,-3036,-482
124279,-3,8,-1,5,-3,536,62,8238,-45,-30,-7,-3722,431
124291,5,0,-1,2,2,466,88,8269,-43,-31,-4,-3225,609
124312,1,-2,-1,-1,1,536,26,8185,-45,-26,-8,-3746,182
124324,0,-3,-5,-3,3,450,26,8190,-47,-32,-6,-3144,181
124336,0,1,2,0,-3,459,21,8159,-47,-32,-8,-3219,147
124357,0,3,2,1,2,507,-9,8252,-47,-31,-5,-3515,-62
124369,1,1,0,-1,-3,553,7,8212,-48,-32,-5,-3852,48
124381,-1,6,2,1,0,505,16,8133,-46,-31,-9,-3553,112
124402,2,0,1,-3,5,474,2,8164,-47,-28,-4,-3322,14
124414,-1,3,2,-1,-1,529,28,8121,-48,-33,-6,-3726,197
124426,0,-1,8,-1,-1,507,-33,8173,-47,-31,-6,-3549,-231
124447,3,0,2,-3,-1,567,11,8145,-47,-31,-7,-3982,77
124459,-1,1,3,1,-1,476,-14,8176,-44,-32,-6,-3331,-98
124471,-1,0,-3,2,4,519,2,8190,-45,-30,-8,-3625,13
124492,-3,9,0,8,8,466,11,8121,-45,-32,-6,-3284,77
124504,-1,0,0,0,6,574,11,8183,-47,-30,-6,-4012,77
124516,4,4,2,-5,1,462,-9,8161,-48,-29,-6,-3240,-63
124537,4,1,-1,0,2,474,-28,8224,-46,-30,-7,-3298,-195
124549,-1,1,-2,7,2,478,-35,8224,-49,-34,-8,-3326,-243
124561,4,1,-5,-3,-1,488,-11,8188,-49,-32,-8,-3410,-76
124582,-5,3,1,0,-1,488,35,8209,-49,-31,-5,-3402,244
124594,3,4,1,5,-4,555,-28,8236,-44,-32,-5,-3855,-194
124606,-1,4,1,-2,-1,529,28,8180,-46,-32,-9,-3700,196
124672,-1,-1,4,6,1,507,-2,8171,-43,-32,-8,-3550,-14
124684,-1,1,6,-1,3,512,9,8348,-44,-28,-6,-3509,61
124696,-3,2,2,8,8,464,50,8245,-43,-32,-3,-3220,347
124717,4,-1,-1,6,0,450,4,8157,-49,-30,-7,-3157,28
124729,0,3,8,3,0,538,-16,8209,-47,-31,-7,-3749,-111
124741,5,1,0,1,1,555,21,8195,-47,-29,-6,-3874,146
124762,4,0,0,3,-2,474,-40,8145,-45,-33,-9,-3330,-281
124774,2,-1,-1,-3,1,555,43,8248,-48,-33,-8,-3849,298
124786,-1,-11,1,5,3,577,-11,8226,-50,-31,-10,-4012,-76
124807,0,3,3,3,8,548,-102,8444,-50,-30,-13,-3712,-692
124819,-1,0,-1,-1,0,500,-31,8434,-39,-33,-8,-3392,-210
124831,3,4,5,4,1,351,-21,7814,-45,-31,-9,-2571,-153
124852,0,5,1,1,-4,423,-52,8312,-46,-34,-7,-2913,-358
124864,1,8,4,0,2,481,55,8130,-45,-31,0,-3385,387
124876,-2,1,-3,-5,-3,488,-19,8212,-45,-34,-3,-3400,-132
124897,7,4,-4,-1,-5,555,-33,8037,-46,-31,-6,-3950,-235
124909,-1,-2,0,0,1,366,-9,8377,-48,-29,-5,-2501,-61
124921,-1,2,3,-1,-1,593,-2,8092,-47,-33,-4,-4191,-14
124942,1,6,0,-3,-1,476,-21,8185,-45,-32,-5,-3328,-147
124954,4,5,3,1,3,548,26,8166,-47,-31,-4,-3839,182
124966,0,-1,4,9,12,588,59,8152,-46,-36,-6,-4125,414
124987,-4,6,6,1,6,651,52,8207,-46,-30,-7,-4535,363
124999,7,3,-2,4,-1,581,-2,8221,-45,-34,-6,-4042,-13
125011,2,4,2,4,-2,569,67,8245,-47,-30,-8,-3947,465
125032,-3,3,2,-3,0,512,38,8236,-46,-32,-8,-3557,264
125044,2,4,1,2,1,529,47,8161,-48,-33,-4,-3708,329
125056,2,1,-1,0,-1,519,28,8176,-48,-32,-10,-3632,196
125077,-1,-2,1,4,-3,423,21,8219,-45,-33,-10,-2946,146
125089,4,-3,0,5,-4,471,-59,8259,-47,-29,-8,-3263,-409
125101,-3,0,0,1,4,438,-71,8245,-48,-31,-3,-3040,-493
125122,3,4,2,1,1,538,-76,8209,-47,-30,-9,-3749,-530
125134,3,-6,0,4,3,502,-69,8135,-45,-33,-5,-3531,-485
125146,5,-5,4,2,-3,562,45,8185,-45,-31,-5,-3927,315
125167,3,4,0,1,5,620,21,8252,-44,-31,-7,-4296,145
125179,8,4,8,-5,4,574,31,8233,-50,-30,-7,-3988,215
125191,-1,1,3,1,0,624,57,8157,-45,-32,-7,-4374,400
125212,-1,1,4,2,0,545,124,8269,-46,-34,-10,-3770,859
125224,-1,8,3,2,-1,483,146,8219,-45,-32,-8,-3362,1017
125236,5,0,-1,0,-1,557,21,8267,-48,-32,-8,-3854,145
125257,-1,-1,-2,3,-1,471,-33,8176,-47,-33,-4,-3297,-231
125303,0,3,0,1,-1,524,-7,8101,-46,-34,-8,-3700,-49
125315,3,2,9,1,8,507,-19,8164,-44,-31,-5,-3553,-133
125326,-1,-1,-5,1,8,512,-7,8176,-46,-33,-8,-3583,-49
125348,-1,-1,2,-3,6,517,7,8121,-48,-35,-8,-3642,49
125360,3,3,3,4,1,495,-9,8209,-47,-32,-9,-3450,-62
125371,8,0,4,1,3,474,23,8212,-47,-31,-7,-3303,160
125393,5,-1,-2,2,3,531,-23,8190,-45,-31,-9,-3709,-160
125405,0,3,-2,0,4,533,64,8209,-46,-32,-6,-3714,446
125416,-1,-1,-2,-5,-1,543,43,8145,-45,-30,-6,-3814,302
125438,-3,4,3,-1,7,517,-33,8118,-45,-32,-9,-3643,-232
125450,-1,-1,6,-1,1,545,21,8164,-48,-32,-5,-3819,147
125462,4,3,0,2,-1,526,-23,8097,-47,-34,-5,-3716,-162
125483,-2,4,0,2,4,543,2,8183,-47,-33,-8,-3796,14
125495,1,0,0,-1,3,531,2,8109,-42,-31,-6,-3746,14
125506,2,1,2,1,-2,500,0,8224,-44,-34,-12,-3479,0
125528,-6,2,1,2,0,536,26,8200,-48,-32,-5,-3739,181
125540,-2,1,-3,8,-1,469,-16,8159,-47,-32,-6,-3289,-112
125572,0,-1,-1,6,-1,541,50,8226,-47,-32,-8,-3762,348
125584,5,0,-2,1,4,521,26,8226,-46,-32,-6,-3624,181
125596,-2,-5,1,-1,4,416,-55,8202,-47,-33,-7,-2903,-384
125617,4,-1,2,2,1,598,2,8116,-48,-31,-5,-4214,14
125629,4,2,6,5,-2,565,28,8183,-47,-34,-9,-3949,196
125641,-1,3,4,3,-1,517,33,8236,-48,-33,-6,-3591,229
125662,-3,2,1,4,-4,447,38,8190,-44,-30,-9,-3123,265
125674,4,-44,0,2,-1,531,16,8264,-50,-34,-11,-3676,110
125686,-1,2,0,0,-5,476,-19,8154,-44,-33,-8,-3340,-133
125707,-1,-1,6,2,10,581,-28,8164,-49,-31,-7,-4070,-196
125719,2,-5,5,-2,-1,500,-4,8135,-47,-31,-7,-3517,-28
125731,4,-3,1,1,-2,481,-40,8250,-48,-30,-9,-3336,-277
125752,1,-5,2,6,-2,514,43,8269,-48,-31,-8,-3556,297
125764,0,4,2,0,-1,519,-16,8209,-46,-31,-9,-3617,-111
125776,2,7,-1,-1,4,553,19,8200,-44,-31,-7,-3858,132
125797,4,2,3,4,4,500,38,8066,-49,-28,-9,-3547,269
125809,-3,-3,2,0,6,495,88,8190,-46,-30,-12,-3458,615
125821,2,1,-5,-1,-1,507,14,8166,-47,-33,-8,-3552,98
125842,0,-1,4,2,1,435,0,8212,-48,-32,-12,-3032,0
125854,-1,-1,-1,-5,1,454,-28,8252,-49,-31,-7,-3149,-194
125866,1,-1,0,1,-1,423,-38,8295,-44,-33,-11,-2919,-262
125887,-5,4,-1,1,4,430,-38,8212,-49,-33,-8,-2997,-265
125899,4,1,4,-1,0,428,-69,8202,-46,-33,-6,-2987,-481
125911,-1,4,-1,4,-3,507,-81,8200,-46,-33,-9,-3537,-565
125932,-3,4,2,2,5,569,-69,8238,-47,-33,-9,-3951,-479
125944,-1,2,4,7,0,545,-21,8082,-44,-32,-8,-3857,-148
125956,8,-1,-4,1,4,620,-28,8267,-48,-31,-5,-4288,-194
125977,-1,1,-1,1,2,574,102,8216,-46,-32,-3,-3996,711
125989,-1,0,2,2,-3,617,50,8135,-46,-32,-9,-4337,352
126001,3,3,-1,1,4,476,-35,8233,-48,-33,-9,-3308,-243
126022,0,-1,0,-3,2,545,31,8207,-48,-30,-9,-3799,216
126034,4,1,-1,-1,6,519,-11,8130,-48,-30,-11,-3652,-77
126046,3,-3,2,-3,0,428,-7,8176,-47,-30,-9,-2996,-49
126067,-1,-1,-2,5,-1,471,-11,8197,-46,-33,-6,-3288,-76
126079,0,-5,-3,2,2,409,0,8101,-47,-32,-7,-2890,0
126091,-1,2,-1,5,-2,433,-35,8149,-45,-33,-7,-3041,-246
126112,4,2,6,-1,-4,471,-2,8104,-47,-30,-4,-3326,-14
126157,6,1,-3,-3,-2,476,14,8197,-45,-31,-5,-3323,97
126169,2,1,-1,-5,-1,555,-4,8161,-46,-32,-6,-3890,-28
126181,-9,0,-3,4,2,569,52,8212,-45,-30,-6,-3963,362
126202,0,1,-1,-2,-5,521,-14,8169,-49,-33,-6,-3649,-98
126214,-2,-2,3,-5,-2,581,14,8204,-47,-33,-9,-4050,97
126226,1,1,3,3,-3,553,33,8200,-47,-33,-3,-3858,230
126247,0,8,1,2,2,457,35,8169,-46,-33,-6,-3201,245
126259,5,2,4,-1,4,560,-16,8161,-47,-32,-3,-3925,-112
126271,-5,2,-1,-2,-2,531,-38,8190,-48,-32,-8,-3709,-265
126292,2,3,0,1,0,447,-26,8164,-45,-33,-6,-3133,-182
126304,4,2,-2,-1,1,481,0,8267,-46,-32,-8,-3329,0
126316,7,8,3,1,3,450,-4,8161,-45,-32,-7,-3156,-28
126337,3,3,5,-4,4,466,9,8207,-48,-30,-2,-3249,62
126349,1,2,1,2,-1,512,-9,8243,-46,-32,-6,-3554,-62
126361,-2,2,-5,2,1,397,-21,8173,-47,-31,-4,-2780,-147
126382,1,5,2,6,-1,435,-28,8166,-47,-31,-5,-3049,-196
126394,-5,0,0,-3,6,497,14,8135,-48,-32,-1,-3496,98
126427,-1,6,2,2,3,507,-14,8324,-47,-31,-5,-3485,-96
126439,6,-1,-2,5,3,409,7,8394,-48,-29,-4,-2789,47
126451,-1,8,3,-2,0,610,86,8099,-43,-34,-7,-4307,608
126472,2,0,-3,-2,0,648,45,8101,-46,-35,-10,-4573,318
126484,1,2,-1,1,0,526,57,8248,-46,-32,-8,-3648,395
126496,-1,-1,3,-1,2,572,50,8200,-45,-34,-9,-3990,349
126517,11,-3,6,-2,1,435,-79,8214,-47,-31,-7,-3031,-551
126529,-1,4,2,1,-1,426,-26,8228,-50,-32,-9,-2963,-181
126541,4,12,2,1,-1,409,0,8204,-48,-34,-7,-2854,0
126562,5,4,-1,0,1,445,9,8255,-45,-31,-9,-3085,62
126574,1,0,5,-1,0,433,-7,8204,-47,-33,-6,-3021,-48
126586,2,-1,-1,1,4,493,40,8188,-44,-30,-8,-3445,279
126607,8,-1,4,5,4,488,-55,8123,-46,-32,-5,-3437,-387
126619,-1,5,-1,-2,-5,490,-7,8269,-43,-32,-9,-3391,-48
126631,-1,-3,-1,-3,-1,557,7,8257,-49,-31,-4,-3859,48
126652,5,5,-1,-1,-1,521,-33,8171,-47,-31,-7,-3648,-231
126664,-1,-1,2,-1,-1,600,-43,8111,-44,-32,-10,-4230,-303
126676,0,3,1,2,3,562,16,8231,-49,-32,-1,-3905,111
126697,1,3,-8,2,4,490,-31,8145,-47,-29,-12,-3442,-218
126709,-5,3,2,1,3,490,-62,8157,-45,-32,-8,-3437,-435
126721,-2,4,-3,6,1,450,21,8264,-47,-33,-10,-3116,145
126742,-1,-1,-2,4,8,471,26,8135,-47,-34,-8,-3313,183
126832,-5,2,1,-1,-1,507,64,8231,-47,-30,-3,-3524,445
126844,0,2,-1,1,-2,555,76,8145,-50,-31,-6,-3897,534
126856,-1,0,2,2,0,529,11,8190,-49,-29,-11,-3695,76
126877,4,3,4,-2,-2,476,23,8147,-45,-33,-11,-3343,161
126889,-5,1,-3,2,-2,502,2,8188,-46,-34,-7,-3508,13
126901,-9,3,-5,2,-1,507,0,8080,-47,-29,-5,-3590,0
126923,2,2,4,6,0,509,-57,8216,-47,-31,-5,-3544,-397
126935,2,2,-3,4,0,500,-23,8197,-47,-33,-5,-3490,-160
126946,-1,4,0,-2,0,565,21,8180,-47,-34,-5,-3951,147
126968,-1,2,-1,4,2,572,2,8106,-47,-35,-6,-4036,14
126980,1,-5,0,-2,0,519,19,8231,-45,-32,-7,-3607,132
126991,4,0,-5,-6,0,469,52,8212,-48,-31,-9,-3268,362
127013,4,4,2,-2,-1,531,4,8140,-45,-31,-7,-3732,28
127025,-1,4,4,4,1,459,-52,8185,-48,-31,-11,-3209,-364
127036,-1,-3,-5,2,4,493,59,8233,-46,-30,-9,-3426,410
127058,2,5,4,8,2,562,50,8140,-47,-30,-8,-3949,351
127070,-5,8,1,-1,6,555,14,8195,-45,-32,-8,-3874,97
127102,8,5,1,2,-1,560,-38,8298,-48,-29,-10,-3860,-262
127114,-3,1,2,5,2,493,31,8082,-46,-31,-8,-3490,219
127126,-4,-3,-2,-1,4,452,-4,8243,-47,-30,-7,-3138,-27
127147,-3,-1,1,0,1,454,-23,8207,-48,-30,-7,-3166,-160
127159,1,2,-3,4,-3,476,26,8195,-49,-34,-10,-3324,181
127171,-2,9,1,2,2,481,-4,8116,-47,-32,-3,-3391,-28
127192,1,7,0,-3,4,488,-4,8200,-48,-31,-4,-3405,-27
127204,3,0,2,1,5,457,-11,8106,-50,-30,-8,-3226,-77
127216,0,8,1,0,-2,512,50,8202,-45,-33,-7,-3571,349
127237,4,1,5,4,3,529,-52,8312,-46,-29,-6,-3641,-358
127249,6,1,-1,6,4,478,21,8130,-44,-33,-4,-3364,147
127261,4,-1,-5,2,1,744,76,8123,-46,-34,-5,-5232,536
127282,1,6,3,0,3,500,52,8257,-43,-33,-4,-3465,360
127294,-9,-2,-7,4,-1,512,45,8173,-46,-36,-6,-3584,315
127306,5,-2,3,-4,1,567,50,8221,-45,-35,-7,-3945,348
127327,-2,-1,1,3,-1,569,0,8161,-47,-32,-8,-3988,0
127339,-1,2,-3,0,1,512,-31,8228,-45,-34,-5,-3560,-215
127351,-1,-5,2,2,2,500,35,8161,-44,-31,-5,-3505,245
127372,4,-2,6,2,1,486,-31,8221,-45,-29,-7,-3383,-216
127384,5,1,0,-1,-2,490,-23,8176,-47,-31,-7,-3429,-161
127417,8,1,2,-1,2,533,11,8255,-45,-31,-6,-3694,76
127429,2,2,5,0,-1,495,74,8271,-45,-33,-2,-3424,512
127441,-1,-2,-2,2,3,500,79,8092,-45,-33,-9,-3535,559
127462,-1,-1,-1,3,2,560,100,8113,-46,-33,-6,-3948,706
127474,4,4,1,3,-3,519,31,8159,-48,-31,-9,-3639,217
127486,-3,4,1,-3,2,538,14,8192,-48,-30,-6,-3757,97
127507,3,6,3,6,-3,483,-11,8101,-48,-33,-8,-3412,-77
127519,3,3,4,-1,1,574,-28,8161,-46,-31,-5,-4023,-196
127531,4,1,3,4,4,488,-33,8185,-50,-33,-11,-3411,-231
127552,-2,2,8,6,2,512,52,8169,-48,-32,-8,-3586,364
127564,2,8,-4,1,8,536,-7,8212,-46,-33,-9,-3734,-48
127576,-1,-3,-9,1,-2,497,4,8161,-47,-30,-6,-3484,28
127597,2,1,0,-5,4,502,-47,8248,-47,-32,-9,-3482,-326
127609,1,-1,-1,-2,2,560,-19,8178,-47,-28,-7,-3917,-133
127621,2,-1,-2,4,0,541,28,8257,-48,-32,-5,-3748,194
127642,-5,-2,-4,-1,8,529,14,8159,-46,-32,-9,-3709,98
127654,-1,2,-1,8,4,493,21,8192,-48,-32,-9,-3443,146
127666,-4,4,-3,2,-1,524,38,8101,-46,-32,-4,-3700,268
127732,5,4,2,3,0,543,57,8073,-49,-32,-6,-3847,404
127744,4,0,6,0,2,526,55,8137,-47,-31,-7,-3698,387
127756,2,-1,-3,-1,0,493,11,8262,-45,-31,-9,-3414,76
127777,8,2,0,-2,-1,509,-19,8212,-50,-32,-11,-3546,-132
127789,-2,-3,8,-3,0,526,45,8279,-48,-32,-8,-3635,311
127801,-2,0,6,2,-3,476,31,8171,-45,-32,-6,-3333,217
127822,2,8,0,0,0,493,-14,8161,-45,-32,-9,-3456,-98
127834,-5,-5,-9,0,2,478,0,8238,-44,-32,-7,-3320,0
127846,-2,0,-1,-1,-2,519,-19,8209,-48,-34,-8,-3617,-132
127867,3,1,2,-1,5,445,-11,8197,-44,-30,-7,-3107,-76
127879,3,-1,2,1,2,548,-4,8185,-47,-31,-5,-3830,-28
127891,-1,-2,3,-3,0,521,-31,8202,-46,-33,-7,-3634,-216
127912,-1,3,-1,2,-1,529,-7,8140,-44,-28,-7,-3718,-49
127924,9,1,-3,-2,4,514,-52,8219,-47,-33,-8,-3578,-362
127936,-1,-5,0,-1,-1,526,-28,8209,-47,-29,-6,-3666,-195
127957,3,3,0,5,2,550,7,8188,-45,-33,-5,-3842,48
127969,2,3,3,-1,1,462,26,8111,-43,-33,-7,-3260,183
127981,1,3,6,5,0,514,-50,8147,-45,-32,-6,-3609,-351
128002,0,1,4,1,2,541,9,8173,-48,-33,-5,-3787,63
128014,8,-1,4,-3,3,450,-21,8173,-46,-31,-7,-3151,-147
128026,0,3,0,-1,-5,466,-33,8243,-50,-34,-9,-3235,-229
128047,-1,-1,5,3,2,440,-33,8173,-47,-30,-4,-3081,-231
128059,-1,-2,-3,-5,-1,524,-16,8164,-43,-29,-5,-3672,-112
128071,-3,-4,-2,2,4,486,-11,8123,-46,-35,-4,-3423,-77
128092,0,8,5,-4,-2,526,-28,8226,-44,-33,-4,-3658,-195
128104,3,-1,-1,0,1,471,-33,8216,-48,-32,-2,-3280,-230
128116,-1,-3,5,4,-5,543,47,8250,-48,-28,-3,-3765,326
128137,3,3,0,-6,0,514,-38,8221,-44,-32,-4,-3577,-264
128149,8,0,-2,4,5,342,153,8391,-55,-32,-4,-2333,1044
128161,3,5,-1,3,0,428,59,8434,-43,-32,-8,-2905,400
128182,3,-1,-1,-4,2,481,59,8068,-47,-36,-7,-3411,418
128194,4,1,-3,-2,-1,428,100,8305,-45,-36,-10,-2949,689
128206,2,1,3,-1,2,715,2,8140,-46,-29,-7,-5019,14
128227,4,4,1,5,-3,543,124,8221,-47,-35,-9,-3778,864
128239,-2,1,1,-2,1,545,45,8274,-47,-34,-6,-3768,311
128251,0,-3,2,8,-1,509,81,8200,-48,-28,-10,-3551,565
128272,5,-1,6,0,1,529,9,8176,-48,-33,-6,-3701,63
128284,3,-3,1,5,0,462,-35,8197,-49,-34,-7,-3225,-244
128296,-1,2,3,1,1,462,14,8259,-47,-34,-9,-3201,97
128317,3,-1,-1,0,-2,493,-7,8133,-46,-31,-6,-3468,-49
128329,4,2,5,0,2,557,14,8090,-45,-31,-10,-3938,99
128341,4,0,-3,-1,1,481,-9,8240,-45,-33,-10,-3340,-62
128362,-1,-1,6,8,2,512,11,8259,-45,-31,-8,-3547,76
128374,4,2,0,-1,-2,497,-40,8142,-45,-32,-8,-3493,-281
128386,3,2,1,0,5,507,-23,8192,-47,-31,-8,-3541,-160
128407,2,1,-3,-5,-5,474,-4,8226,-48,-32,-8,-3297,-27
128419,4,-2,4,0,4,418,23,8178,-48,-35,-5,-2925,161
128431,-2,-3,3,-1,0,500,62,8226,-47,-32,-9,-3478,431
128452,0,0,4,-4,4,512,23,8252,-46,-32,-5,-3550,159
128464,-2,-1,0,-1,-5,541,55,8195,-51,-33,-6,-3776,384
128476,3,4,4,0,-3,526,-16,8185,-46,-30,-8,-3676,-112
128497,1,-4,-2,-3,4,524,11,8245,-44,-35,-7,-3636,76
128509,2,-4,0,2,1,469,21,8173,-45,-32,-6,-3284,147
128521,-1,4,4,2,-2,490,-2,8140,-45,-34,-7,-3444,-14
128542,-2,-2,-1,1,-1,486,-33,8130,-48,-34,-6,-3420,-232
128554,-3,0,-3,-1,2,529,-19,8169,-46,-30,-7,-3705,-133
128566,-1,-2,-2,-1,2,486,-110,8202,-45,-36,-8,-3390,-768
128587,-6,0,4,-1,-6,531,35,8173,-48,-32,-5,-3717,245
128599,2,3,-1,3,-2,507,33,8185,-43,-33,-5,-3544,231
128632,-1,2,-2,-3,-1,572,86,8293,-49,-29,-2,-3945,594
128644,-1,-1,6,-1,8,476,21,8209,-45,-35,-8,-3318,146
128656,2,1,2,-4,0,512,0,8118,-48,-32,-8,-3608,0
128677,-1,2,1,-1,-1,519,-38,8169,-46,-33,-6,-3635,-266
128689,4,5,8,4,3,541,50,8255,-45,-29,-6,-3749,347
128701,6,3,2,2,-3,483,74,8137,-48,-34,-9,-3396,521
128722,3,2,3,2,4,517,11,8157,-48,-30,-14,-3626,77
128734,-5,-1,-1,0,0,545,79,8322,-48,-30,-8,-3746,543
128746,0,-6,2,3,-2,497,81,8204,-46,-34,-7,-3466,565
128767,-2,-1,-3,5,-4,469,-2,8123,-46,-28,-12,-3304,-14
128813,-5,8,8,0,-5,459,-79,8166,-48,-31,-10,-3216,-554
128825,3,-1,1,2,0,538,-35,8226,-46,-32,-10,-3741,-243
128836,-1,-3,-1,-5,1,497,-14,8233,-45,-33,-8,-3454,-97
128858,2,-3,0,2,2,490,-33,8178,-47,-28,-6,-3428,-231
128869,-1,5,-1,0,0,442,4,8200,-47,-36,-7,-3085,27
128881,-1,6,3,1,-1,533,21,8149,-49,-31,-1,-3742,147
128903,3,4,0,-1,4,579,-4,8128,-48,-33,-5,-4074,-28
128915,5,1,1,2,2,627,31,8178,-47,-30,-9,-4384,217
128926,6,-3,-2,-2,2,653,16,8243,-47,-33,-9,-4529,111
128948,3,8,-3,-1,-2,541,57,8178,-51,-32,-10,-3784,399
128959,0,-5,2,2,5,430,28,8130,-47,-32,-11,-3027,197
128971,0,5,0,0,2,469,90,8209,-48,-31,-11,-3269,628
128993,3,2,1,8,6,380,-19,8231,-47,-33,-6,-2643,-132
129005,4,3,2,0,-2,399,-59,8226,-48,-32,-5,-2776,-410
129016,1,-1,3,-1,-3,457,-7,8173,-47,-33,-6,-3200,-49
129038,2,2,-1,4,-2,469,7,8185,-47,-34,-5,-3279,49
129049,0,1,-1,2,-3,545,-21,8123,-45,-33,-2,-3838,-148
129061,2,-2,0,3,1,591,23,8104,-45,-34,-8,-4171,162
129083,1,2,-1,-1,0,584,-4,8252,-49,-29,-8,-4048,-27
129128,0,-5,1,10,4,598,-26,8171,-46,-32,-7,-4185,-182
129139,-1,4,-3,-3,-1,505,38,8140,-46,-31,-10,-3550,267
129172,-3,-2,1,-1,0,567,57,8190,-46,-33,-7,-3960,398
129184,2,6,-1,4,2,476,-4,8240,-45,-33,-4,-3306,-27
129196,-5,4,-3,4,-1,497,28,8250,-45,-35,-9,-3447,194
129217,8,-1,4,2,1,438,4,8212,-46,-29,-8,-3053,27
129229,3,0,0,0,5,435,0,8204,-47,-33,-8,-3035,0
129241,-1,-1,1,-1,0,483,-40,8169,-49,-28,-6,-3383,-280
129262,2,-2,-1,8,6,373,-110,8236,-45,-32,-5,-2592,-765
129274,0,3,1,-1,2,440,-33,8274,-46,-30,-8,-3044,-228
129286,5,2,0,0,3,426,-19,8212,-46,-34,-1,-2969,-132
129307,-5,-9,-1,10,6,488,-7,8231,-47,-31,-4,-3392,-48
129319,-1,3,2,-1,-3,610,26,8183,-45,-33,-7,-4263,182
129331,-5,-2,1,-1,1,608,-23,8243,-45,-33,-7,-4218,-159
129352,5,-1,-1,3,8,586,33,8152,-47,-31,-3,-4111,231
129364,8,3,-1,-9,3,553,-67,8192,-46,-32,-8,-3861,-468
129376,1,3,-2,-2,4,517,28,8133,-47,-35,-5,-3637,197
129442,-3,1,5,3,1,476,-11,8161,-46,-33,-5,-3338,-77
129454,4,-1,7,-2,-9,459,11,8140,-45,-33,-8,-3227,77
129466,1,2,-2,3,4,584,-14,8236,-45,-32,-9,-4055,-97
129487,2,1,1,-1,0,483,-33,8343,-47,-32,-9,-3313,-226
129499,0,3,-1,22,1,588,33,8259,-42,-29,-6,-4072,228
129511,1,6,-1,2,1,584,40,8137,-45,-29,-10,-4105,281
129532,-4,1,3,8,-1,476,4,8180,-48,-30,-8,-3330,28
129544,-1,0,2,1,0,536,40,8157,-42,-32,-7,-3759,280
129556,-1,0,1,-1,-1,560,14,8154,-47,-31,-10,-3928,98
129577,4,2,-3,-3,-2,486,-59,8166,-46,-33,-12,-3405,-413
129589,1,0,-2,2,2,474,-105,8262,-44,-30,-9,-3283,-728
129601,4,-3,3,-1,3,529,-4,8250,-50,-31,-6,-3668,-27
129622,3,3,-1,2,-1,433,-55,8267,-46,-33,-7,-2998,-381
129634,0,1,-1,6,3,421,-47,8171,-47,-34,-9,-2949,-329
129646,2,-1,-1,-3,-1,509,-38,8209,-47,-34,-9,-3548,-265
129667,1,5,0,-5,-1,471,-7,8159,-46,-35,-3,-3303,-49
129679,2,0,-1,1,4,505,-47,8180,-45,-31,-7,-3532,-329
129691,1,-1,5,1,-3,497,-21,8202,-46,-34,-4,-3467,-146
129712,1,-2,1,4,-1,512,4,8221,-49,-34,-4,-3563,27
129758,9,3,2,-1,8,512,-9,8161,-43,-33,-2,-3589,-63
129803,0,3,-2,2,-1,529,69,8195,-44,-31,-9,-3693,482
129815,8,-1,2,4,-3,531,16,8238,-48,-32,-7,-3688,111
129826,-5,4,3,-2,2,536,31,8204,-49,-31,-11,-3738,216
129848,-3,-2,1,2,4,481,-64,8111,-49,-35,-6,-3393,-452
129859,-1,0,0,4,-5,454,-33,8188,-46,-29,-3,-3173,-230
129871,-2,8,-1,-4,2,483,-2,8183,-47,-31,-5,-3377,-14
129893,4,4,-9,-4,6,502,-21,8171,-47,-30,-7,-3515,-147
129904,1,-3,3,4,4,481,-35,8166,-49,-30,-3,-3370,-245
129916,4,0,-1,6,-1,280,-378,8233,-52,-29,-2,-1945,-2628
129938,1,-1,-3,6,-2,110,-371,7960,-38,-41,9,-790,-2668
129949,2,2,-1,2,4,701,-562,10989,-81,-49,1,-3645,-2927
129961,1,1,4,-2,8,215,948,9138,-36,-32,0,-1340,5922
129983,4,2,-2,-1,-1,507,263,8264,-22,-41,-4,-3508,1822
129994,1,4,1,-1,6,351,-98,7996,-35,-32,-7,-2513,-702
130006,5,3,2,0,5,782,435,8049,-38,-39,-5,-5541,3093
130028,8,-1,2,6,0,617,651,8350,-42,-35,-14,-4213,4457
130039,0,6,-1,1,2,486,90,8360,-50,-33,-12,-3326,616
130051,-1,4,4,3,1,612,186,8346,-46,-29,-17,-4192,1276
130073,5,10,3,1,10,620,-7,8281,-45,-30,-9,-4281,-48
130084,-2,8,8,4,-1,639,33,8195,-46,-32,-11,-4458,230
130096,0,1,1,-2,0,481,-143,8082,-48,-31,-7,-3405,-1013
130118,5,-5,4,-4,0,509,-138,8209,-47,-34,-6,-3547,-963
130129,-3,-1,4,6,2,562,-43,8192,-46,-32,-7,-3924,-300
130141,0,-1,0,4,-1,545,-28,8147,-44,-34,-4,-3827,-196
130163,-2,1,3,-1,3,526,14,8176,-48,-31,-4,-3681,98
130175,3,11,0,2,0,474,9,8164,-50,-33,-8,-3322,63
130186,7,6,0,1,-4,421,9,8291,-46,-30,-8,-2906,62
130208,5,1,1,1,0,478,-16,8176,-44,-31,-9,-3345,-112
130219,2,-1,4,-3,0,402,11,8178,-49,-33,-10,-2814,77
130231,3,-1,2,2,4,433,11,8259,-49,-32,-4,-3001,76
130253,1,4,5,5,6,486,-4,8118,-46,-32,-7,-3426,-28
130265,0,1,-3,2,4,464,-9,8226,-44,-30,-9,-3228,-62
130276,3,1,-4,-3,-1,469,-23,8137,-48,-29,-5,-3298,-161
130298,4,-1,3,1,4,603,-33,8130,-49,-31,-5,-4241,-232
130309,3,2,2,-1,-9,615,2,8152,-45,-32,-6,-4314,14
130321,-2,3,1,-1,2,600,16,8221,-48,-29,-5,-4174,111
130343,-9,4,8,4,4,565,14,8157,-51,-32,-10,-3962,98
130355,2,4,-2,-1,-1,447,26,8157,-49,-29,-8,-3136,182
130366,4,0,5,-1,-4,562,26,8281,-44,-33,-7,-3882,179
130388,3,8,6,1,-1,517,88,8255,-49,-31,-7,-3583,610
130399,-1,1,-1,-2,8,572,79,8130,-46,-31,-7,-4024,556
130411,-1,0,0,4,4,521,16,8295,-46,-31,-11,-3593,110
130433,4,-2,2,0,4,507,33,8202,-49,-32,-6,-3537,230
130444,0,4,0,-1,2,488,-2,8243,-46,-29,-8,-3388,-13
130456,1,-1,1,2,0,442,14,8216,-49,-33,-9,-3079,97
130478,1,-5,2,8,4,471,-28,8257,-46,-33,-10,-3264,-194
130489,1,4,-2,-3,-1,512,-43,8169,-47,-29,-8,-3586,-301
130501,-1,4,-1,-1,8,533,26,8169,-47,-34,-6,-3733,182
130523,6,6,4,3,3,476,-47,8204,-47,-35,-11,-3320,-328
130534,6,-1,-1,3,5,514,-40,8130,-45,-29,-9,-3617,-281
130546,6,0,5,-2,2,550,9,8176,-48,-33,-9,-3848,63
130568,8,0,-1,-1,3,478,-45,8214,-47,-31,-8,-3330,-313
130579,-1,2,3,-1,-5,538,-76,8212,-44,-34,-6,-3748,-530
130591,6,-3,2,-2,0,476,28,8118,-49,-34,-6,-3355,197
130613,5,6,3,1,5,488,-4,8231,-47,-31,-6,-3392,-27
130624,2,2,-2,1,2,502,-33,8236,-44,-27,-8,-3487,-229
130636,-3,4,-2,3,0,519,19,8264,-44,-34,-11,-3593,131
130658,5,6,4,-2,4,555,38,8171,-50,-34,-10,-3885,266
130669,1,4,4,2,4,517,-9,8118,-48,-31,-8,-3643,-63
130681,8,8,-1,6,4,440,23,8190,-47,-30,-12,-3075,160
130703,2,2,5,4,0,462,-28,8202,-46,-31,-8,-3223,-195
130714,4,3,0,4,8,512,14,8109,-47,-32,-8,-3612,98
130726,-1,4,8,0,3,519,35,8183,-48,-34,-6,-3629,245
130748,4,-2,0,-5,-9,541,-79,8224,-48,-31,-5,-3763,-550
130759,-1,1,1,1,4,524,35,8291,-45,-34,-7,-3616,241
130771,1,-1,-1,-1,-1,548,-71,8226,-45,-34,-10,-3811,-494
130793,3,8,0,7,-1,543,-28,8152,-45,-30,-8,-3810,-196
130804,0,2,7,2,2,519,-35,8157,-47,-30,-8,-3640,-245
130838,-1,3,2,2,2,550,2,8226,-46,-33,-9,-3825,13
130849,2,4,5,5,3,512,4,8200,-44,-32,-12,-3572,27
130861,3,1,4,6,-2,476,-64,8195,-45,-32,-12,-3324,-447
130883,0,6,4,5,1,447,-50,8226,-44,-31,-5,-3110,-348
130894,-4,4,3,-7,4,390,-31,8207,-45,-31,-8,-2720,-216
130906,1,-1,2,0,5,447,-21,8180,-46,-29,-5,-3127,-147
130928,-9,1,5,3,-3,521,2,8200,-43,-32,-3,-3635,13
130939,-3,-1,4,1,-3,565,57,8226,-47,-36,-4,-3929,397
130951,2,2,3,5,-1,507,33,8161,-49,-29,-10,-3554,231
131062,4,4,7,4,4,497,-107,8238,-44,-32,-7,-3452,-744
131074,-1,-4,2,1,1,469,-28,8195,-48,-30,-2,-3275,-195
131086,1,4,1,-1,2,536,-40,8221,-43,-35,-3,-3730,-278
131107,-3,5,0,-3,-2,474,-14,8190,-48,-32,-3,-3312,-97
131119,-1,6,1,1,-1,553,47,8267,-45,-33,-4,-3826,325
131131,-3,0,0,2,-1,416,-11,8212,-48,-33,-5,-2899,-76
131152,-1,8,8,6,-1,442,-4,8212,-47,-31,-1,-3080,-27
131164,1,0,8,0,-3,486,-23,8231,-47,-35,-2,-3379,-160
131176,6,3,8,3,4,418,-31,8161,-45,-30,-1,-2932,-217
131197,8,8,5,-1,2,531,-31,8152,-45,-35,-1,-3726,-217
131209,0,5,-1,4,2,507,-4,8092,-44,-33,-2,-3585,-28
131221,-3,6,3,0,2,294,148,8829,-49,-32,-3,-1906,960
131242,8,6,3,4,-1,627,-138,8212,-41,-27,-5,-4365,-962
131254,2,-1,8,4,3,423,50,7996,-44,-33,-5,-3028,358
131266,4,3,4,4,4,500,126,8030,-46,-31,-9,-3562,898
131287,0,6,3,2,-1,426,47,8166,-49,-30,-9,-2986,329
131299,3,3,4,3,-1,488,-57,8262,-46,-34,-11,-3380,-395
131311,0,5,-5,2,-1,179,-81,9062,-45,-38,-1,-1131,-512
131332,1,4,2,1,6,756,-71,8058,-45,-30,-4,-5359,-504
131344,4,0,3,1,-1,442,-14,8360,-50,-32,-3,-3026,-95
131355,-1,0,6,2,1,610,86,8066,-44,-30,-9,-4324,610
131377,-1,6,-2,2,-4,624,98,8152,-47,-31,-9,-4376,688
131389,4,2,-1,-2,1,541,-28,8140,-46,-30,-13,-3802,-197
131401,4,1,6,0,3,565,88,8149,-50,-30,-4,-3965,618
131422,-5,2,5,1,-1,517,59,8269,-43,-33,-9,-3577,408
131434,1,6,7,3,0,560,86,8195,-49,-32,-10,-3908,601
131445,4,2,2,0,-1,545,9,8233,-47,-31,-9,-3787,62
131467,-1,3,4,-1,5,581,19,8056,-48,-30,-7,-4125,135
131479,3,2,1,1,3,509,74,8101,-46,-29,-11,-3595,523
131490,5,-3,6,2,-1,435,-11,8209,-45,-34,-12,-3033,-76
131512,4,8,8,-1,3,512,-31,8097,-48,-30,-7,-3618,-219
131524,2,4,1,3,1,550,-35,8197,-47,-31,-14,-3838,-244
131535,4,3,1,-1,-1,521,-26,8135,-43,-31,-9,-3664,-183
131557,2,2,1,1,-1,560,-38,8130,-49,-28,-8,-3940,-267
131569,0,3,-2,2,2,572,-129,8192,-47,-33,-14,-3993,-902
131580,0,4,4,1,-3,533,-50,8152,-47,-31,-6,-3740,-351
131602,8,4,2,3,4,514,-112,8097,-46,-34,-5,-3631,-792
131614,-5,0,2,-7,8,481,-38,8305,-47,-34,-2,-3314,-262
131626,5,-1,0,-1,-1,502,64,8195,-43,-34,-5,-3505,447
131647,4,3,4,-1,-1,529,-28,8236,-45,-33,-5,-3675,-194
131659,2,3,7,0,3,497,-59,8228,-48,-31,-3,-3456,-410
131670,-1,-3,0,7,3,519,-9,8087,-45,-30,-9,-3672,-63
131692,6,10,8,6,-1,452,33,8233,-48,-29,-8,-3142,229
131704,4,2,8,-1,1,512,45,8212,-48,-31,-9,-3567,313
131716,2,-1,-1,-9,4,497,0,8157,-45,-30,-9,-3486,0
131737,2,0,8,3,-1,474,43,8204,-44,-33,-6,-3306,300
131749,0,2,8,4,-1,514,-40,8269,-47,-32,-6,-3556,-277
131760,-1,0,2,3,-1,466,-52,8094,-48,-32,-12,-3295,-368
131782,-12,4,4,-1,-3,495,-28,8054,-47,-31,-6,-3516,-199
131794,-3,2,0,10,2,524,9,8169,-47,-34,-7,-3670,63
131805,0,6,-1,-1,2,533,0,8293,-46,-34,-5,-3677,0
131827,7,2,8,2,7,617,-9,8176,-47,-33,-5,-4315,-63
131839,3,-3,1,3,9,612,16,8259,-46,-34,-7,-4237,110
131850,-5,1,8,2,3,581,11,8190,-46,-29,-10,-4057,76
131872,0,8,0,3,2,517,-9,8190,-49,-30,-7,-3612,-62
131884,4,4,4,8,2,464,-19,8219,-49,-32,-5,-3231,-132
131896,1,3,3,-1,1,543,-4,8233,-44,-30,-6,-3773,-27
131917,4,8,1,2,0,469,-122,8183,-47,-32,-6,-3279,-854
131929,9,4,3,6,4,531,-19,8075,-46,-31,-7,-3762,-134
131940,1,1,-2,1,2,471,-38,8319,-46,-31,-4,-3240,-261
131963,0,4,1,-2,9,543,-11,8113,-46,-32,-3,-3829,-77
131975,3,4,-1,-1,-3,521,33,8257,-47,-31,-8,-3610,228
131986,5,-2,4,5,4,509,45,8142,-47,-32,-8,-3577,316
132007,6,3,4,4,3,519,16,8281,-45,-27,-9,-3586,110
132019,3,-2,0,5,-3,500,-23,8173,-45,-29,-5,-3500,-161
132031,-3,-1,-2,2,-1,495,-64,8293,-47,-30,-5,-3415,-442
132053,8,-3,0,1,7,466,38,8154,-44,-32,-6,-3270,267
132097,2,0,0,8,5,529,26,8262,-47,-32,-6,-3663,180
132143,6,1,3,6,2,500,-26,8204,-46,-31,-8,-3487,-181
132155,4,4,-1,2,5,517,-50,8149,-48,-33,-6,-3630,-351
132166,2,0,4,4,-1,541,7,8169,-49,-35,-2,-3788,49
132187,8,5,4,1,-5,533,38,8214,-45,-32,-6,-3712,265
132199,6,2,4,4,2,500,33,8171,-44,-33,-6,-3501,231
132211,2,-1,2,1,-1,521,-11,8228,-44,-30,-5,-3623,-76
132233,-3,-2,0,-3,-3,440,16,8295,-47,-33,-8,-3036,110
132244,0,-3,2,4,18,531,40,8164,-49,-34,-4,-3721,280
132256,-1,-1,-3,3,-2,447,-23,8219,-46,-32,-6,-3113,-160
132277,-1,2,-5,1,-3,466,-47,8152,-45,-32,-2,-3271,-330
132289,2,3,2,2,-1,476,-21,8245,-45,-32,-3,-3304,-145
132301,7,-1,1,4,0,469,-79,8202,-50,-30,-2,-3272,-551
132322,8,4,2,10,0,502,-28,8228,-45,-33,0,-3491,-194
132334,-3,-4,3,4,4,486,-55,8145,-45,-34,0,-3414,-386
132346,8,6,2,8,-5,1493,754,8111,-44,-29,-8,-10385,5310
132367,0,2,0,-1,2,296,2,8003,-50,-35,-4,-2118,14
132379,2,6,-3,-1,-5,529,-38,8075,-54,-36,-5,-3748,-269
132391,-2,-1,-2,0,-1,586,102,8458,-46,-28,-5,-3963,690
132412,-1,1,4,-1,2,663,81,8197,-46,-30,-8,-4623,566
132424,-3,4,0,0,6,665,74,8140,-48,-33,-4,-4670,520
132436,-1,1,5,-5,2,502,131,8116,-45,-32,-11,-3538,924
132458,-1,2,0,1,1,531,74,8248,-46,-31,-9,-3683,514
132469,2,4,2,-1,5,569,143,8180,-46,-33,-9,-3978,1001
132481,1,5,-1,3,-1,545,-9,8315,-48,-29,-8,-3750,-62
132502,6,2,2,1,-5,497,-23,8226,-49,-27,-8,-3457,-160
132514,5,2,2,4,5,466,-93,8147,-51,-30,-11,-3273,-654
132526,1,4,-1,1,6,493,-26,8166,-49,-30,-8,-3454,-182
132548,0,5,8,1,0,452,-23,8176,-47,-31,-5,-3164,-161
132559,2,-2,4,4,8,486,-16,8145,-45,-36,-6,-3414,-112
132592,6,-1,6,-1,0,497,0,8128,-47,-31,-12,-3499,0
132604,-1,4,-1,0,4,497,7,8173,-49,-35,-7,-3479,49
132637,2,2,-1,0,5,486,57,8161,-47,-31,-6,-3407,400
132649,1,5,5,5,5,584,9,8183,-49,-36,-6,-4082,63
132661,-2,4,-5,2,2,507,23,8197,-44,-29,-6,-3539,160
132682,10,2,1,-5,1,555,64,8248,-49,-33,-9,-3849,444
132694,4,4,4,7,-1,483,-11,8159,-41,-32,-8,-3387,-77
132706,3,7,3,1,1,521,67,8068,-50,-30,-13,-3694,475
132727,2,4,0,-1,-1,464,0,8271,-47,-33,-8,-3210,0
132739,1,4,1,0,-3,548,-43,8135,-48,-31,-4,-3853,-302
132751,5,5,1,1,6,507,19,8185,-47,-31,-7,-3544,133
132772,-1,-2,5,-1,-1,574,-31,8295,-47,-31,-3,-3958,-214
132784,8,-3,4,-2,5,548,-50,8178,-48,-32,-4,-3833,-350
132796,-5,8,-1,4,0,541,-19,8279,-46,-32,-3,-3738,-131
132817,1,-1,3,4,2,495,35,8173,-47,-33,-8,-3465,245
132829,-1,2,-4,-5,-1,531,0,8214,-46,-29,-6,-3698,0
132841,2,8,-1,0,4,536,26,8157,-46,-31,-9,-3759,182
132862,2,4,5,-1,4,462,-7,8200,-48,-32,-11,-3224,-48
132874,-2,5,1,4,4,457,23,8274,-50,-33,-8,-3161,159
132886,-1,-3,6,0,6,521,-28,8259,-48,-33,-4,-3609,-194
132907,3,5,1,2,-1,519,-33,8298,-47,-32,-9,-3578,-227
132919,-4,-1,8,2,-1,545,-21,8169,-43,-31,-4,-3816,-147
132931,5,-2,4,3,-2,502,26,8075,-48,-31,-7,-3557,184
132952,-2,4,1,7,-2,507,40,8190,-46,-31,-11,-3542,279
132964,0,-1,2,0,2,524,4,8221,-43,-31,-7,-3647,27
132976,3,3,-1,-2,2,505,-26,8173,-44,-32,-6,-3535,-182
132997,2,4,-1,-3,3,507,-31,8269,-49,-28,-8,-3508,-214
133009,3,6,-1,6,-2,509,-2,8133,-46,-28,-5,-3581,-14
133042,0,4,9,3,1,507,4,8130,-49,-33,-5,-3568,28
133054,1,3,2,1,-3,517,-33,8219,-46,-34,-9,-3599,-230
133066,1,4,6,0,-3,481,-35,8178,-44,-31,-7,-3366,-245
133087,3,8,-5,1,3,519,57,8130,-44,-33,-6,-3652,401
133099,4,3,4,1,-5,560,-23,8212,-46,-34,-7,-3901,-160
133111,4,3,-1,-1,8,517,-23,8161,-44,-34,-9,-3624,-161
133132,-1,-2,2,-2,1,553,-7,8255,-49,-31,-7,-3832,-48
133144,1,0,3,-2,2,483,-71,8195,-47,-32,-8,-3372,-496
133156,0,-1,0,6,0,517,64,8183,-47,-32,-5,-3615,448
133177,2,1,5,3,9,541,-59,8140,-45,-31,-5,-3802,-415
133189,9,5,4,5,2,469,14,8135,-47,-30,-7,-3299,98
133201,3,0,3,8,5,512,2,8166,-45,-29,-5,-3587,14
133222,1,4,-1,6,8,471,-52,8295,-48,-36,-11,-3249,-359
133234,8,1,4,-2,6,538,43,8214,-48,-32,-6,-3747,299
133246,2,8,-1,4,1,526,28,8133,-47,-30,-10,-3700,197
133267,5,8,-3,3,4,569,11,8169,-48,-31,-8,-3984,77
133279,-3,-5,-1,0,5,531,21,8159,-45,-32,-10,-3723,147
133291,-2,2,4,8,-3,469,7,8116,-48,-32,-11,-3307,49
133312,4,4,4,-1,3,483,4,8212,-50,-32,-9,-3366,27
133324,-3,-1,2,0,8,433,0,8202,-43,-32,-9,-3021,0
133336,5,4,4,4,9,495,-74,8159,-50,-32,-8,-3471,-519
133357,6,-1,2,-1,-2,447,-7,8140,-46,-31,-3,-3143,-49
133369,-2,0,4,-3,1,442,-11,8224,-46,-33,-4,-3076,-76
133381,4,-1,-3,-2,2,478,-33,8185,-43,-31,-9,-3342,-231
133402,8,-5,8,9,-2,486,79,8264,-46,-33,-3,-3365,547
133414,0,3,0,1,4,466,23,8190,-47,-31,-6,-3256,160
133426,-3,0,3,5,3,555,55,8183,-48,-29,-5,-3879,385
133447,2,4,2,3,-3,533,19,8262,-46,-32,-2,-3691,131
133459,-2,4,0,4,1,560,28,8147,-46,-30,-6,-3932,196
133471,-5,0,2,4,-5,553,45,8080,-44,-35,-7,-3915,319
133492,1,7,-5,2,-1,517,-81,8221,-45,-31,-9,-3598,-564
133504,0,-1,0,-3,2,557,57,8173,-46,-30,-5,-3898,399
133516,2,0,-5,1,7,538,-26,8173,-47,-30,-10,-3766,-182
133537,8,2,-3,-1,2,615,2,8240,-47,-29,-9,-4268,13
133549,-1,9,-1,1,4,548,11,8183,-47,-32,-8,-3831,77
133561,8,3,-1,1,-2,572,7,8197,-45,-31,-8,-3991,48
133582,1,5,0,0,2,519,-7,8135,-47,-31,-8,-3650,-49
133594,4,3,2,3,4,414,-26,8137,-48,-32,-11,-2912,-183
133606,5,1,-4,1,-1,464,7,8178,-45,-32,-10,-3247,49
133627,-1,-1,-5,4,-1,490,-35,8161,-46,-29,-10,-3435,-245
133639,4,2,1,2,3,402,-4,8255,-45,-34,-7,-2787,-27
133651,4,0,5,-2,3,423,-21,8137,-44,-35,-5,-2975,-147
133672,0,4,-1,-2,0,502,-19,8216,-47,-32,-6,-3496,-132
133684,2,1,4,-2,3,512,-4,8166,-44,-31,-8,-3587,-28
133696,-3,1,2,-1,-1,553,-47,8295,-44,-33,-1,-3814,-324
133717,-3,2,-1,3,0,572,16,8195,-47,-33,-8,-3992,111
133729,1,1,-1,-13,3,538,57,8135,-47,-32,-5,-3783,401
133741,-1,-1,-1,0,0,641,43,8231,-44,-32,-7,-4452,299
133762,-3,-1,-3,0,4,531,21,8087,-46,-33,-8,-3756,148
133774,4,-9,-1,-1,-1,529,16,8118,-45,-31,-6,-3728,112
133786,-2,2,10,1,-1,533,9,8228,-46,-35,-8,-3706,62
133807,0,1,5,4,4,577,-40,8152,-45,-29,-7,-4048,-281
133819,2,-1,4,0,-1,476,-28,8233,-46,-35,-8,-3308,-194
133852,1,1,1,4,-1,490,-16,8221,-49,-31,-9,-3410,-111
133864,3,-6,0,-3,0,435,11,8200,-49,-33,-6,-3036,76
133876,3,7,-1,-1,0,579,-9,8097,-49,-33,-9,-4090,-63
133897,-3,8,-1,4,4,529,11,8212,-46,-30,-10,-3685,76
133909,1,4,-1,-2,-1,519,83,8188,-50,-31,-8,-3626,580
133921,-1,-1,-1,2,3,481,-62,8231,-47,-34,-10,-3344,-431
133942,-1,6,-3,-3,4,464,64,8267,-44,-31,-6,-3212,443
133954,-2,-3,-3,5,1,493,-19,8212,-44,-32,-6,-3435,-132
133966,6,-3,-1,-1,-1,553,43,8216,-43,-30,-9,-3850,299
133987,1,4,4,-5,-1,517,16,8248,-46,-32,-7,-3586,111
133999,1,-1,-3,4,1,560,23,8252,-46,-34,-8,-3882,159
134011,1,6,1,-1,4,514,38,8169,-46,-34,-8,-3600,266
134032,-2,2,-1,-1,-2,447,50,8233,-45,-31,-6,-3107,347
134044,1,0,0,-5,2,442,-57,8195,-45,-32,-6,-3087,-398
134056,-2,3,4,-1,-1,502,-98,8293,-50,-31,-7,-3463,-677
134077,2,2,3,1,-1,560,-52,8092,-49,-31,-8,-3958,-368
134089,3,-1,4,1,0,514,9,8200,-48,-29,-8,-3586,62
134101,2,-1,1,3,1,488,11,8214,-49,-33,-6,-3399,76
134122,0,4,1,0,5,541,33,8166,-45,-31,-8,-3790,231
134134,6,-1,-5,1,4,507,0,8252,-46,-32,-11,-3515,0
134146,2,5,3,-2,0,519,-47,8216,-47,-33,-7,-3614,-327
134167,4,-5,-2,-5,4,502,-9,8267,-45,-31,-9,-3474,-62
134179,2,-3,0,7,3,483,4,8293,-43,-32,-10,-3333,27
134191,-1,1,-4,1,1,486,-31,8209,-47,-30,-8,-3388,-216
134212,4,2,5,-1,8,452,-45,8176,-49,-32,-9,-3164,-315
134224,-2,1,-1,-1,-2,502,-31,8166,-48,-33,-8,-3517,-217
134236,1,8,-3,0,2,529,-31,8121,-50,-32,-5,-3726,-218
134257,0,-3,0,2,-6,462,-2,8192,-45,-33,-4,-3227,-13
134269,2,4,4,2,-4,521,-14,8180,-47,-31,-7,-3644,-98
134281,-3,0,4,3,2,536,9,8269,-46,-28,-6,-3708,62
134302,1,2,-5,-3,-1,553,11,8166,-47,-33,-6,-3874,77
134314,-1,-1,-1,-1,1,541,28,8116,-45,-33,-5,-3813,197
134326,6,3,-4,-5,-5,538,105,8157,-47,-34,-7,-3773,737
134347,2,-3,2,4,1,531,52,8216,-44,-29,-5,-3697,362
134359,-1,0,4,3,-3,557,4,8202,-46,-31,-6,-3885,27
134371,1,3,2,1,4,565,38,8207,-47,-35,-7,-3938,265
134392,1,1,1,1,-1,497,-40,8283,-47,-34,-9,-3433,-276
134404,-5,0,-1,-9,-1,512,2,8286,-45,-28,-11,-3535,13
134416,0,-4,2,2,4,490,-31,8164,-47,-28,-7,-3434,-217
134437,2,3,-2,4,-1,497,67,8295,-49,-32,-9,-3428,462
134482,-1,3,-2,-5,1,483,50,8212,-47,-34,-10,-3365,348
134494,-9,-2,8,-2,3,505,16,8157,-49,-34,-10,-3542,112
134506,-1,-1,-5,-1,-3,533,-19,8113,-47,-32,-6,-3758,-134
134527,2,2,5,-1,2,541,59,8145,-48,-32,-9,-3799,415
134539,1,1,0,3,-1,533,43,8197,-47,-32,-9,-3720,300
134551,-3,2,-2,-1,0,562,23,8169,-44,-30,-6,-3935,161
134572,-1,0,1,-1,2,533,31,8214,-50,-31,-11,-3712,216
134584,-2,-1,0,6,3,505,9,8255,-49,-34,-9,-3500,62
134596,9,0,-3,5,-3,514,-14,8255,-48,-29,-7,-3562,-97
134617,-1,-3,-2,-3,1,531,16,8274,-45,-31,-8,-3672,110
134629,1,0,1,2,-1,452,9,8212,-47,-33,-10,-3150,62
134641,-2,-4,3,5,3,521,-71,8188,-43,-29,-8,-3640,-496
134662,1,-1,-1,-2,-3,466,-35,8197,-47,-33,-5,-3253,-244
134674,2,-1,4,0,-1,502,-28,8188,-47,-31,-6,-3508,-195
134686,-1,0,-4,1,0,459,-16,8269,-47,-32,-6,-3177,-110
134707,-1,-3,8,-5,-3,517,19,8188,-49,-34,-5,-3612,132
134719,6,1,0,-2,3,474,35,8209,-46,-34,-5,-3304,244
134731,8,-1,0,2,-1,459,86,8099,-51,-32,-9,-3243,608
134752,-3,1,-3,4,1,529,21,8267,-49,-34,-9,-3661,145
134798,0,-1,3,-3,5,462,11,8157,-47,-32,-9,-3241,77
134842,-2,7,0,1,2,519,-26,8204,-46,-32,-4,-3619,-181
134854,4,5,-1,2,2,512,-43,8063,-45,-31,-4,-3633,-305
134866,2,4,4,1,0,514,33,8185,-50,-33,-5,-3593,231
134887,4,0,2,1,0,500,-9,8300,-48,-34,-7,-3447,-62
134899,3,1,-3,2,1,519,16,8145,-47,-32,-11,-3645,112
134911,0,-4,1,-4,3,574,16,8219,-48,-33,-5,-3994,111
134932,-2,4,5,0,-3,536,16,8219,-48,-30,-9,-3731,111
134944,1,0,4,-2,-3,505,-2,8183,-49,-34,-9,-3531,-14
134956,0,2,8,3,-1,541,38,8171,-48,-32,-5,-3787,266
134977,9,3,10,-2,-3,495,64,8264,-47,-33,-7,-3427,443
134989,-1,5,17,-1,-2,538,14,8252,-47,-31,-7,-3730,97
135023,2,-3,7,2,-4,493,-23,8121,-43,-31,-8,-3473,-162
135035,-1,0,-2,-1,3,493,-11,8094,-43,-32,-6,-3485,-77
135067,2,1,3,-5,2,495,16,8125,-45,-32,-6,-3486,112
135079,-1,0,-9,-1,5,474,-35,8226,-46,-34,-4,-3297,-243
135090,3,-5,-1,-2,4,421,62,8226,-46,-30,-8,-2929,431
135112,8,2,-1,-3,-2,497,9,8233,-47,-31,-7,-3454,62
135124,4,4,5,5,-5,493,2,8113,-46,-35,-8,-3477,14
135135,5,3,4,4,2,493,2,8192,-45,-32,-4,-3443,13
135157,3,-1,0,-5,2,497,-69,8255,-46,-33,-7,-3445,-478
135169,3,-2,2,4,10,488,4,8145,-46,-32,-6,-3428,28
135180,3,4,-3,2,6,543,7,8238,-46,-31,-5,-3771,48
135202,0,0,-1,2,0,486,40,8169,-50,-31,-12,-3404,280
135213,-2,6,8,0,4,526,35,8178,-45,-29,-6,-3680,245
135292,-3,3,-2,-2,-5,514,28,8243,-45,-33,-9,-3568,194
135304,4,2,4,1,4,454,-4,8255,-47,-33,-7,-3147,-27
135315,-1,-3,-1,-5,5,495,-64,8295,-47,-35,-10,-3414,-442
135337,1,0,-4,4,5,531,14,8236,-45,-30,-10,-3688,97
135349,4,-5,1,-5,-1,483,16,8228,-46,-31,-8,-3359,111
135360,-3,-1,-1,1,1,474,16,8219,-46,-32,-6,-3300,111
135382,-5,-17,1,2,4,447,7,8243,-44,-31,-7,-3103,48
135393,4,1,-4,2,-2,466,21,8200,-45,-29,-9,-3252,146
135427,4,-2,6,2,3,474,9,8226,-46,-32,-5,-3297,62
135439,1,0,1,-1,3,476,28,8207,-46,-32,-1,-3319,195
135451,0,-3,2,-3,-2,543,21,8209,-46,-31,-5,-3784,146
135472,-2,1,-2,0,3,486,14,8226,-47,-32,-6,-3381,97
135484,4,0,-1,0,-1,536,-7,8226,-45,-30,-9,-3728,-48
135496,-1,4,0,-1,0,526,-23,8257,-49,-33,-7,-3645,-159
135517,6,0,0,2,1,567,19,8202,-47,-33,-5,-3954,132
135562,-5,1,-2,-1,6,490,-7,8219,-46,-32,-6,-3411,-48
135574,-3,2,-5,4,6,505,-11,8200,-47,-33,-7,-3524,-76
135586,2,5,-1,-1,1,509,14,8135,-47,-32,-5,-3580,98
135607,6,-4,4,-6,3,531,-4,8231,-47,-32,-7,-3691,-27
135619,-3,2,3,2,4,507,-21,8159,-47,-32,-6,-3555,-147
135631,-2,1,2,1,3,541,-7,8104,-45,-31,-9,-3819,-49
135652,2,4,-9,1,0,541,-11,8142,-45,-33,-4,-3801,-77
135664,8,-1,0,-1,4,500,-11,8180,-46,-30,-10,-3497,-77
135676,4,1,0,2,4,538,-50,8135,-46,-29,-8,-3783,-352
135697,6,3,-3,0,1,531,79,8166,-47,-31,-2,-3720,554
135709,0,3,-1,-1,0,538,-2,8099,-45,-31,-7,-3800,-14
135721,2,-3,8,1,3,569,79,8180,-46,-31,-8,-3978,553
135742,4,-4,2,2,1,524,76,8228,-43,-29,-6,-3643,529
135754,-1,-6,4,5,-2,519,-33,8212,-44,-33,-7,-3616,-230
135766,3,7,1,3,-3,476,-19,8293,-48,-32,-8,-3285,-131
135787,2,0,-5,-5,-5,517,26,8252,-49,-30,-7,-3584,180
135799,1,-1,-1,-1,9,435,-14,8140,-47,-31,-10,-3058,-98
135811,3,4,-2,4,2,509,-2,8243,-49,-31,-5,-3533,-13
135832,-1,-1,8,6,-3,524,-11,8169,-48,-31,-6,-3670,-77
135844,8,2,0,8,4,524,-40,8259,-44,-33,-6,-3630,-277
135856,-2,-1,3,-2,-1,505,28,8133,-46,-33,-8,-3553,197
135877,8,1,8,3,0,548,9,8257,-46,-31,-6,-3797,62
135889,1,3,3,-3,0,538,50,8259,-47,-31,-7,-3726,346
135901,-1,-1,6,4,1,577,-67,8195,-49,-32,-10,-4027,-468
135922,-3,4,1,9,-1,497,35,8262,-49,-31,-11,-3442,242
135934,2,-3,1,3,1,490,26,8178,-47,-31,-7,-3428,182
135946,6,0,5,8,5,490,-7,8104,-46,-32,-5,-3460,-49
135967,2,-1,-1,2,4,550,52,8159,-46,-30,-10,-3856,365
135979,10,-5,9,-1,1,507,-14,8195,-48,-30,-9,-3540,-97
135991,1,0,2,5,1,481,23,8113,-42,-32,-7,-3392,162
136012,0,1,2,-4,2,507,11,8214,-49,-30,-9,-3532,76
136024,2,-1,4,1,-2,560,26,8145,-46,-33,-6,-3933,182
136036,0,5,4,-3,8,529,7,8200,-47,-30,-7,-3691,48
136057,1,9,3,8,6,507,-11,8166,-45,-31,-4,-3552,-77
136069,3,5,1,-3,-1,493,0,8152,-47,-33,-5,-3460,0
136081,2,-1,0,4,1,524,11,8169,-47,-31,-6,-3670,77
136102,-5,0,-4,0,-4,545,93,8248,-48,-32,-10,-3780,646
136114,0,5,-2,-1,-5,536,2,8190,-47,-30,-7,-3744,13
136126,2,1,-1,4,-1,490,0,8180,-45,-31,-8,-3428,0
136147,-1,1,4,2,-1,531,-14,8161,-47,-26,-9,-3722,-98
136159,2,-5,3,2,1,533,11,8245,-46,-33,-8,-3698,76
136171,2,4,4,2,3,476,-50,8200,-47,-30,-8,-3322,-349
136192,-1,1,-2,-3,-4,490,-50,8133,-45,-33,-8,-3447,-352
136204,8,-7,3,-1,0,514,21,8212,-45,-32,-10,-3581,146
136216,-2,2,2,7,0,486,-11,8231,-43,-30,-8,-3379,-76
136237,-1,9,2,0,1,497,-26,8195,-45,-32,-5,-3470,-181
136249,-3,0,0,0,-2,502,-38,8236,-47,-30,-10,-3487,-264
136261,0,2,-2,8,4,502,9,8166,-47,-33,-6,-3517,63
136282,-5,-1,-1,3,3,474,-19,8130,-49,-33,-7,-3336,-133
136294,-1,-1,4,0,6,545,-7,8180,-45,-31,-8,-3811,-49
136306,2,2,3,4,-1,541,31,8305,-45,-30,-3,-3727,213
136327,9,1,1,7,3,538,9,8166,-46,-29,-6,-3769,63
136339,4,4,-3,-1,1,493,-23,8252,-43,-34,-9,-3418,-159
136373,-3,1,-1,0,3,538,28,8262,-49,-30,-7,-3725,194
136385,4,-1,-1,6,5,543,-23,8283,-47,-31,-8,-3750,-159
136416,3,4,2,6,4,538,4,8090,-46,-30,-3,-3804,28
136428,3,6,3,4,1,562,19,8219,-47,-32,-10,-3911,132
136440,-1,4,4,-3,2,557,57,8259,-48,-30,-5,-3858,395
136462,2,0,0,1,-1,557,-38,8281,-45,-33,-10,-3848,-262
136506,0,-2,-5,0,4,526,-9,8212,-45,-33,-9,-3664,-62
136518,4,-1,3,2,4,555,-4,8207,-45,-31,-8,-3868,-27
136530,2,2,3,1,0,447,55,8226,-50,-35,-4,-3110,383
136552,1,8,3,8,1,497,-33,8169,-49,-31,-7,-3481,-231
136563,1,4,-5,0,5,514,21,8233,-46,-33,-8,-3572,146
136575,0,0,1,1,2,533,33,8192,-49,-35,-8,-3722,230
136596,0,1,-1,8,4,517,11,8166,-48,-27,-5,-3622,77
136608,6,0,4,-1,-3,507,-35,8219,-46,-32,-5,-3529,-243
136620,0,-1,3,-2,-1,462,4,8164,-48,-31,-7,-3238,28
136641,2,1,4,-4,-3,517,4,8125,-48,-31,-5,-3640,28
136653,-3,1,0,4,8,514,7,8236,-45,-30,-5,-3571,48
136665,3,3,4,2,-1,519,11,8236,-45,-30,-1,-3605,76
136687,-1,6,2,2,0,457,-16,8178,-49,-33,-11,-3198,-112
136699,3,0,4,-1,8,469,38,8164,-47,-29,-8,-3287,266
136710,0,-1,3,4,-1,488,2,8185,-46,-29,-9,-3412,14
136731,3,4,1,0,-5,512,19,8216,-47,-33,-10,-3565,132
136743,-2,-2,5,1,-5,533,9,8269,-47,-31,-8,-3688,62
136755,0,3,3,4,6,531,14,8236,-48,-33,-4,-3688,97
136777,-3,-1,1,0,-2,533,-4,8295,-47,-34,-7,-3676,-27
136822,-1,-2,-1,8,4,481,2,8185,-46,-29,-8,-3363,14
136834,-1,1,-2,0,-1,507,-21,8176,-46,-31,-5,-3548,-147
136846,5,-2,-1,4,1,588,-2,8125,-49,-28,-8,-4139,-14
136867,-2,-1,-5,1,-2,483,-11,8140,-46,-30,-11,-3395,-77
136879,2,1,-1,1,-1,486,33,8180,-46,-31,-5,-3400,231
136891,4,4,4,3,4,545,-7,8145,-47,-30,-6,-3828,-49
136912,1,4,6,0,3,579,11,8192,-47,-33,-9,-4042,76
136924,1,11,-2,4,1,481,19,8233,-44,-31,-6,-3343,132
136936,-1,0,4,-3,-3,550,-55,8240,-45,-34,-9,-3818,-382
136957,2,4,-3,4,-1,495,38,8190,-48,-31,-8,-3458,265
136969,2,-2,2,2,0,476,-4,8142,-47,-32,-8,-3345,-28
136981,-1,4,0,-1,0,512,-11,8231,-47,-33,-5,-3559,-76
137002,4,4,3,-2,4,519,28,8166,-50,-33,-6,-3636,196
137014,2,1,8,0,-9,524,-16,8216,-47,-31,-6,-3649,-111
137026,1,-1,-2,-1,5,469,-14,8267,-46,-31,-11,-3246,-97
137047,2,-2,1,0,0,445,81,8169,-47,-32,-6,-3117,568
137059,1,-5,2,-1,-1,474,-2,8200,-47,-34,-12,-3308,-13
137071,2,-5,1,2,0,517,26,8152,-45,-32,-8,-3628,182
137092,-1,1,2,-5,2,557,-19,8197,-44,-33,-7,-3887,-132
137104,2,2,2,2,0,474,21,8221,-45,-36,-8,-3299,146
137116,-2,-5,1,1,-24,438,-45,8221,-45,-35,-5,-3049,-313
137137,2,1,-1,5,-2,512,7,8183,-45,-35,-11,-3580,49
137149,-4,-3,-1,-3,-3,550,-33,8157,-48,-33,-7,-3857,-231
137161,0,3,-1,3,-1,533,14,8161,-43,-31,-7,-3736,98
137182,2,0,4,5,-6,500,-14,8166,-46,-33,-7,-3503,-98
137194,3,2,0,4,-1,490,-28,8188,-48,-33,-8,-3424,-195
137206,1,1,1,2,3,531,14,8214,-47,-31,-7,-3698,97
137227,3,5,-1,4,-5,505,9,8283,-47,-33,-7,-3488,62
137239,0,-2,-1,-2,8,507,-4,8221,-48,-31,-5,-3529,-27
137251,8,-1,2,1,-1,529,-11,8149,-47,-29,-5,-3714,-77
137272,0,-1,3,-1,1,533,-35,8240,-45,-31,-6,-3700,-243
137284,-4,5,1,2,8,543,-23,8166,-45,-31,-7,-3804,-161
137296,2,8,-3,-1,-1,569,4,8195,-44,-31,-2,-3971,27
137317,7,-1,4,2,-1,517,-38,8219,-47,-32,-8,-3599,-264
137329,1,-1,-4,-1,5,545,50,8171,-45,-33,-7,-3815,350
137341,4,-3,-3,2,1,478,33,8202,-45,-31,-6,-3335,230
137362,-1,5,3,0,3,536,16,8255,-47,-33,-10,-3715,111
137374,4,2,1,-2,-5,481,43,8188,-47,-33,-7,-3361,300
137386,2,-3,0,4,2,567,-19,8207,-48,-33,-4,-3952,-132
137407,-2,0,2,1,5,526,33,8236,-47,-31,-8,-3654,229
137419,-1,-1,4,-2,2,531,11,8216,-46,-32,-4,-3697,76
137452,-2,0,0,4,2,526,9,8243,-47,-33,-12,-3651,62
137464,4,5,2,1,1,481,33,8185,-47,-32,-9,-3363,231
137476,2,4,-1,-9,-3,517,-28,8195,-46,-30,-6,-3609,-195
137497,3,4,1,2,4,481,-23,8099,-49,-33,-6,-3398,-162
137509,0,-1,2,-4,1,512,0,8171,-49,-35,-6,-3585,0
137521,4,-1,3,2,0,497,79,8180,-42,-33,-9,-3476,553
137542,-3,0,1,2,-3,581,67,8161,-49,-35,-8,-4072,470
137554,-3,2,0,0,-1,531,-23,8188,-47,-32,-10,-3710,-160
137566,4,1,2,4,2,509,86,8097,-45,-32,-7,-3596,608
137587,3,1,1,1,4,524,28,8123,-50,-30,-8,-3690,197
137599,-1,-1,4,2,-3,541,-11,8173,-43,-31,-7,-3787,-77
137611,-1,1,6,2,0,481,35,8212,-46,-33,-6,-3352,244
137676,0,4,1,1,-2,509,9,8248,-46,-34,-6,-3531,62
137688,0,2,-1,-1,1,464,69,8202,-47,-27,-8,-3237,481
137700,-5,2,2,5,-2,469,-33,8216,-46,-33,-3,-3267,-230
137721,-2,6,3,2,0,541,19,8116,-43,-31,-6,-3813,134
137733,-2,1,2,1,-2,517,-64,8188,-45,-32,-9,-3612,-447
137745,-1,-2,2,1,0,524,9,8200,-45,-30,-7,-3656,62
137766,1,2,-1,8,2,543,-59,8200,-49,-33,-5,-3788,-412
137778,6,-1,-2,-2,1,495,-76,8228,-43,-32,-8,-3442,-529
137790,1,5,-2,1,-2,538,26,8113,-43,-31,-10,-3793,183
137811,3,-3,-1,-5,-2,474,35,8190,-44,-35,-8,-3312,244
137823,5,7,-1,0,-5,517,21,8221,-48,-32,-4,-3598,146
137835,2,4,-3,9,4,486,43,8221,-46,-32,-6,-3383,299
137856,3,-5,-1,-5,-5,483,21,8169,-44,-30,-10,-3383,147
137868,4,-2,1,3,-2,478,38,8281,-45,-31,-6,-3303,262
137880,0,5,0,-1,0,533,26,8109,-47,-30,-9,-3760,183
137901,5,1,2,2,6,557,-2,8221,-48,-29,-9,-3876,-13
137913,0,1,2,0,-5,457,35,8269,-47,-35,-8,-3163,242
137925,3,9,-1,4,-3,555,-45,8171,-48,-31,-9,-3885,-315
137946,3,6,0,4,0,560,26,8113,-50,-30,-4,-3948,183
137958,5,-1,0,4,-1,541,-31,8252,-47,-32,-9,-3750,-215
137970,3,4,4,0,2,478,59,8252,-49,-31,-3,-3315,409
137991,0,-1,0,3,-1,507,45,8149,-44,-33,-9,-3560,316
138003,-4,0,-1,0,4,565,-35,8269,-44,-34,-8,-3908,-242
138015,1,0,-3,-1,2,509,43,8212,-47,-29,-6,-3546,300
138036,-1,5,1,2,1,505,28,8243,-44,-28,-8,-3505,194
138048,-1,-1,-5,3,2,538,-7,8133,-45,-32,-7,-3784,-49
138060,1,1,3,3,9,474,31,8173,-46,-34,-4,-3319,217
138081,-1,-3,-1,3,-5,452,-7,8176,-44,-32,-9,-3164,-49
138093,-3,4,8,4,4,521,-52,8176,-47,-30,-12,-3646,-364
138105,-3,0,-5,5,-1,476,-9,8135,-47,-35,-8,-3348,-63
138126,-3,-1,-3,4,0,442,38,8300,-45,-30,-8,-3048,262
138138,-1,2,2,-1,-4,521,-7,8221,-47,-33,-7,-3626,-48
138150,0,2,3,1,6,512,-35,8128,-46,-34,-6,-3604,-246
138171,-2,-2,-2,0,5,565,-14,8262,-46,-31,-6,-3912,-97
138183,4,8,2,0,-1,493,33,8173,-46,-31,-6,-3451,231
138195,4,4,1,4,4,536,-16,8173,-45,-29,-9,-3752,-112
138216,3,0,-3,3,5,550,-21,8140,-44,-32,-6,-3865,-147
138228,3,4,-1,1,4,517,-19,8145,-47,-32,-8,-3631,-133
138240,5,4,0,4,1,531,-7,8169,-47,-31,-5,-3719,-49
138261,1,1,-1,5,0,524,-23,8173,-47,-34,-9,-3668,-161
138273,4,4,2,-1,8,476,-7,8190,-46,-33,-6,-3326,-48
138285,-3,3,6,-1,1,490,-35,8257,-45,-32,-8,-3396,-242
138306,6,1,-3,6,-1,438,38,8219,-44,-30,-7,-3050,264
138318,-2,0,2,-1,13,483,9,8252,-50,-30,-10,-3349,62
138330,-5,-3,-2,-1,3,512,50,8319,-47,-29,-7,-3521,344
138351,1,-2,2,4,1,497,-23,8252,-45,-33,-9,-3446,-159
138363,-4,2,-2,2,-7,529,-33,8169,-43,-30,-4,-3705,-231
138375,6,6,5,10,1,442,21,8240,-47,-30,-9,-3070,146
138396,2,4,-5,2,4,497,55,8274,-47,-28,-9,-3437,380
138408,-1,8,-5,3,1,533,-74,8164,-46,-34,-10,-3735,-519
138420,-1,-2,-2,-3,-1,557,-19,8243,-47,-33,-7,-3865,-132
138441,-4,-3,1,-1,0,502,21,8147,-49,-31,-6,-3525,147
138453,4,2,-1,-2,3,545,-14,8137,-49,-31,-7,-3831,-98
138465,3,-1,0,-5,-3,486,-9,8142,-46,-31,-5,-3415,-63
138486,2,-3,2,-3,-1,502,-28,8159,-49,-32,-5,-3520,-196
138498,1,-3,-3,-5,0,497,7,8188,-45,-33,-8,-3473,48
138510,-2,-1,-3,-1,3,497,7,8197,-46,-31,-10,-3469,48
138532,4,1,-3,0,-1,454,-45,8147,-42,-30,-8,-3189,-316
138544,-3,4,-1,4,1,517,23,8200,-45,-30,-9,-3607,160
138555,-1,1,6,2,-2,514,21,8166,-48,-34,-7,-3601,147
138576,-3,-3,4,1,2,514,43,8240,-49,-31,-8,-3569,298
138588,-5,3,0,4,-2,572,21,8178,-44,-33,-6,-4000,147
138600,4,1,-5,-1,5,529,14,8188,-49,-32,-6,-3696,97
138622,1,-3,4,-1,1,517,33,8259,-47,-30,-8,-3581,228
138634,2,-2,-1,3,4,529,47,8197,-48,-34,-10,-3692,328
138645,-3,0,-1,1,2,505,-7,8209,-45,-29,-5,-3520,-48
138666,0,2,-2,0,5,524,43,8192,-46,-32,-8,-3659,300
138678,3,-1,2,2,0,497,-23,8257,-47,-29,-10,-3444,-159
138690,-1,-3,-3,4,3,521,-2,8169,-46,-34,-9,-3649,-14
138712,-1,6,-2,-5,2,572,16,8209,-46,-36,-5,-3985,111
138723,-3,0,6,0,1,541,-7,8298,-48,-33,-6,-3730,-48
138735,2,4,-1,1,0,517,21,8264,-46,-33,-8,-3579,145
138756,-1,1,6,4,2,531,-19,8231,-47,-33,-8,-3691,-132
138768,8,-1,2,3,9,497,9,8164,-44,-32,-7,-3483,63
138780,0,-4,2,-2,-2,507,-62,8082,-43,-31,-5,-3589,-439
138802,-5,6,-1,3,4,409,16,8137,-49,-33,-8,-2877,112
138814,5,-7,-1,1,1,562,4,8164,-52,-33,-7,-3937,28
138825,-1,2,4,-1,7,500,-26,8281,-48,-33,-6,-3455,-179
138846,1,3,3,4,-1,519,55,8214,-43,-33,-1,-3615,383
138858,4,5,-2,1,2,536,16,8197,-48,-35,-5,-3741,111
138870,4,2,-2,5,4,521,16,8197,-46,-33,-7,-3636,111
138891,2,6,4,1,1,454,-11,8257,-49,-30,-7,-3147,-76
138903,5,-7,1,2,0,529,-19,8185,-48,-32,-8,-3697,-133
138915,4,-1,1,3,1,490,-38,8161,-47,-33,-4,-3435,-266
138936,0,3,-2,-2,5,543,0,8226,-45,-31,-3,-3776,0
138948,4,4,2,-3,4,497,-50,8204,-50,-30,-7,-3466,-349
138960,-1,-2,-2,2,2,500,-11,8216,-47,-30,-3,-3482,-76
138981,-1,2,-5,-2,-2,435,0,8154,-44,-30,-5,-3053,0
138993,-3,-3,4,8,-5,521,14,8161,-43,-30,-5,-3652,98
139005,5,-1,-1,0,0,526,-26,8202,-51,-33,-6,-3669,-181
139026,-1,2,3,6,-1,526,-90,8135,-47,-31,-6,-3699,-633
139038,-4,4,1,-1,-3,454,-7,8307,-46,-33,-3,-3128,-48
139050,-4,-2,4,-3,-2,553,-43,8109,-49,-33,-8,-3901,-303
139071,1,2,6,1,-2,466,-55,8149,-47,-33,-5,-3272,-386
139083,2,-3,1,4,-4,517,-47,8212,-49,-30,-10,-3602,-327
139095,-4,-3,-1,0,-3,466,-4,8219,-46,-34,-9,-3245,-27
139116,-1,-3,0,-1,8,483,28,8185,-46,-30,-4,-3377,196
139128,1,8,3,2,0,541,-50,8319,-46,-31,-8,-3720,-344
139140,4,4,-1,3,-1,521,14,8245,-47,-33,-5,-3615,97
139161,3,-1,0,-2,-3,538,0,8166,-49,-33,-6,-3769,0
139173,-1,2,1,1,1,452,47,8106,-49,-30,-5,-3191,332
139185,0,-1,2,3,-2,486,16,8236,-42,-29,-7,-3377,111
139206,-1,1,2,2,0,536,43,8104,-46,-30,-7,-3783,304
139218,-3,3,8,8,2,514,-19,8233,-50,-31,-6,-3572,-132
139230,1,3,2,-1,-1,512,38,8200,-47,-29,-8,-3572,265
139251,0,8,2,3,-1,502,-11,8243,-46,-33,-6,-3485,-76
139263,4,-1,2,9,1,497,28,8233,-47,-32,-5,-3454,194
139275,4,2,3,1,-2,474,16,8204,-46,-34,-4,-3306,111
139296,-4,1,2,-1,-2,486,50,8164,-45,-31,-4,-3406,350
139308,5,0,9,-1,1,495,21,8116,-47,-32,-11,-3490,148
139342,-3,-3,2,0,0,450,-45,8140,-45,-33,-7,-3164,-316
139354,1,2,-1,5,-6,545,-33,8135,-47,-30,-5,-3832,-232
139366,-1,-2,2,-2,0,493,4,8173,-45,-35,-6,-3451,28
139387,-1,-4,2,-3,3,524,9,8204,-48,-34,-10,-3654,62
139399,0,2,-1,-1,-3,497,28,8233,-45,-32,-9,-3454,194
139411,-5,1,0,1,-3,533,0,8291,-47,-32,-5,-3678,0
139432,-2,3,1,1,-5,447,-31,8078,-47,-32,-5,-3167,-219
139444,-3,5,5,-1,2,476,-19,8190,-47,-32,-9,-3326,-132
139456,-1,8,-1,-3,4,550,-14,8226,-46,-33,-7,-3825,-97
139477,7,3,-5,-2,0,557,57,8185,-47,-30,-5,-3892,398
139489,2,6,1,2,-5,476,-7,8264,-46,-32,-8,-3296,-48
139501,-5,-1,4,4,2,557,-11,8145,-45,-30,-4,-3912,-77
139522,-1,0,4,-2,3,483,-59,8226,-49,-30,-10,-3360,-410
139534,3,-1,-1,-1,-1,545,-2,8180,-48,-32,-10,-3811,-14
139567,0,-2,0,2,1,486,-7,8219,-48,-33,-9,-3384,-48
139579,6,1,0,0,-2,543,-90,8248,-47,-30,-9,-3766,-625
139591,-1,-1,3,1,1,502,69,8157,-45,-31,-6,-3521,484
139612,2,1,3,-5,3,507,11,8267,-49,-33,-7,-3509,76
139624,1,0,2,2,-3,490,16,8216,-47,-33,-5,-3413,111
139702,1,-2,2,2,1,512,0,8159,-48,-33,-10,-3590,0
139714,8,6,-3,-1,2,509,38,8171,-46,-32,-9,-3564,266
139726,-1,3,2,2,4,497,-26,8243,-46,-28,-8,-3450,-180
139747,2,5,-2,-1,2,471,-47,8183,-46,-36,-7,-3294,-329
139759,1,-1,1,-2,-2,481,-11,8135,-48,-33,-5,-3383,-77
139771,4,-2,-5,-3,4,524,-47,8240,-46,-29,-3,-3638,-326
139792,4,8,7,-1,8,481,74,8169,-50,-28,-9,-3369,519
139804,4,-5,-2,1,6,474,-40,8252,-48,-31,-9,-3287,-277
139816,3,-1,6,-3,2,495,23,8212,-46,-32,-5,-3449,160
139837,-9,-1,2,2,0,524,16,8214,-46,-34,-10,-3650,111
139849,-5,2,5,-4,-9,548,40,8214,-48,-33,-6,-3816,279
139861,8,-2,2,3,1,519,57,8116,-44,-33,-7,-3658,402
139882,2,2,-1,-3,6,529,-11,8130,-47,-30,-7,-3722,-77
139894,3,2,8,0,2,521,33,8164,-45,-33,-9,-3651,231
139906,-3,8,4,6,-1,495,-19,8233,-49,-33,-10,-3440,-132
139927,5,1,1,0,4,474,2,8216,-47,-30,-7,-3301,13
139939,-1,2,-2,-5,4,550,-7,8219,-47,-30,-5,-3828,-48
139951,0,4,5,-1,3,471,47,8161,-46,-34,-9,-3303,329
139972,-1,4,0,1,0,509,-43,8207,-47,-31,-9,-3548,-300
139984,-2,6,-2,-2,4,447,-14,8142,-48,-31,-3,-3142,-98
139996,3,8,0,-1,7,474,-19,8236,-50,-33,-3,-3293,-132
140017,5,4,-1,-3,8,509,-21,7996,-43,-30,-8,-3642,-150
140029,1,1,-1,-2,2,450,14,8166,-48,-33,-4,-3154,98
140041,1,4,-2,0,4,502,21,8209,-48,-32,-7,-3499,146
140062,3,4,6,3,1,488,28,8192,-49,-31,-9,-3409,195
140074,1,-5,-1,1,0,490,7,8219,-47,-32,-5,-3411,48
140086,0,4,-1,-2,-1,569,-19,8267,-44,-31,-8,-3937,-131
140107,1,2,-1,2,-2,488,-7,8171,-47,-32,-4,-3417,-49
140119,2,0,4,4,4,512,-45,8176,-47,-33,-9,-3583,-315
140131,3,-1,2,6,4,493,-50,8097,-45,-28,-7,-3484,-353
140153,8,2,2,2,0,538,-14,8145,-45,-32,-6,-3779,-98
140165,2,2,0,1,0,517,-33,8185,-49,-32,-11,-3614,-231
140196,0,3,4,-1,9,521,-26,8228,-45,-30,-6,-3623,-181
140208,-1,-2,-6,-1,-2,512,79,8185,-46,-35,-7,-3579,552
140220,4,-1,-1,6,-1,524,21,8161,-45,-32,-6,-3673,147
140241,0,5,-3,2,0,502,35,8252,-42,-34,-7,-3481,243
140253,3,4,-1,2,-2,476,-31,8178,-45,-31,-8,-3331,-217
140265,4,3,1,-2,5,474,14,8219,-47,-34,-9,-3300,97
140286,1,-1,2,3,4,541,-4,8166,-47,-36,-7,-3790,-28
140298,-1,3,4,3,-3,478,45,8161,-48,-30,-5,-3352,315
140310,6,10,12,3,1,557,16,8090,-46,-31,-6,-3938,113
140331,2,1,-3,3,4,466,4,8219,-48,-31,-10,-3245,27
140343,1,0,-1,-1,0,519,26,8147,-49,-29,-5,-3645,182
140355,1,3,7,-1,3,442,45,8180,-50,-31,-10,-3092,315
140376,2,0,-5,0,-2,497,33,8259,-48,-32,-8,-3443,228
140388,1,0,4,-2,2,569,16,8231,-46,-33,-9,-3954,111
140400,-1,-1,0,1,1,478,0,8152,-49,-34,-5,-3355,0
140421,-4,4,1,0,-3,514,0,8147,-49,-31,-5,-3610,0
140433,5,0,8,-2,2,469,-7,8188,-48,-31,-5,-3278,-48
140445,1,0,-1,6,0,521,-16,8142,-48,-33,-9,-3661,-112
140466,4,-6,-5,1,4,483,-26,8307,-46,-33,-4,-3327,-179
140478,1,2,1,2,3,481,28,8214,-49,-33,-4,-3351,195
140490,6,-1,-1,2,-1,543,74,8145,-43,-33,-8,-3813,520
140511,1,2,2,1,1,562,-4,8200,-46,-31,-4,-3920,-27
140523,-1,4,1,2,2,553,16,8240,-43,-30,-9,-3839,111
140535,1,2,4,-9,5,581,16,8274,-48,-33,-7,-4016,110
140556,3,-1,-1,-1,4,493,-71,8240,-48,-35,-5,-3423,-493
140568,3,1,1,5,2,466,2,8171,-42,-33,-4,-3264,14
140580,1,1,-3,-4,-1,502,-47,8219,-43,-32,-7,-3495,-327
140601,2,2,6,0,-6,450,7,8192,-47,-33,-7,-3144,48
140614,-2,1,4,-1,3,543,45,8279,-45,-31,-7,-3752,311
140625,-2,-2,3,4,4,469,-11,8157,-46,-31,-8,-3290,-77
140646,-1,-3,-3,4,7,560,9,8240,-45,-33,-5,-3887,62
140658,2,4,2,1,5,488,-26,8152,-47,-32,-5,-3425,-182
140670,2,-3,5,1,4,529,-4,8157,-45,-31,-3,-3710,-28
140691,2,2,4,4,1,512,21,8195,-44,-32,-5,-3575,146
140737,-1,-3,4,0,4,486,-16,8219,-49,-31,-5,-3384,-111
140749,2,1,0,8,-1,466,-19,8195,-45,-34,-7,-3254,-132
140761,3,3,-1,-3,-1,541,40,8166,-47,-32,-3,-3790,280
140782,2,-5,4,2,4,483,-35,8128,-45,-33,-7,-3400,-246
140794,-4,4,4,-2,1,545,31,8118,-48,-29,-6,-3840,218
140806,12,0,6,-4,-5,519,81,8257,-48,-35,-8,-3596,562
140827,-1,5,-1,-1,2,474,-45,8180,-47,-33,-6,-3316,-315
140839,4,-1,0,-1,-1,493,-26,8164,-46,-32,-5,-3455,-182
140851,-5,5,2,1,-1,462,-7,8224,-46,-31,-6,-3215,-48
140872,-1,0,2,6,0,529,26,8233,-48,-34,-3,-3676,180
140884,0,2,-4,8,-5,514,4,8145,-47,-32,-5,-3610,28
140896,5,0,2,3,3,531,23,8171,-45,-34,-6,-3718,161
140917,1,-2,2,-3,5,538,-19,8152,-45,-32,-6,-3775,-133
140929,2,4,-1,-2,-5,553,40,8298,-48,-32,-11,-3812,276
140941,-2,-3,6,0,2,517,38,8130,-46,-33,-6,-3638,267
140962,8,-1,4,4,3,481,-4,8190,-49,-32,-10,-3361,-27
140974,4,4,1,1,0,483,21,8231,-47,-31,-7,-3358,146
140986,-1,-1,0,1,-1,531,-45,8281,-46,-32,-5,-3668,-311
141007,-1,0,1,-1,3,493,40,8226,-47,-33,-7,-3429,278
141019,2,4,6,-1,1,553,-11,8173,-46,-33,-7,-3870,-77
141031,5,-1,7,-2,7,584,62,8259,-48,-29,-7,-4044,430
141052,1,6,2,2,-1,517,-9,8161,-47,-32,-6,-3624,-63
141064,5,-2,-1,0,2,497,35,8101,-43,-30,-5,-3510,247
141076,8,6,4,2,8,481,-7,8173,-41,-31,-9,-3368,-49
141097,8,-1,-2,-2,-1,521,-2,8228,-45,-32,-9,-3623,-13
141109,8,2,0,12,2,521,2,8176,-47,-34,-6,-3646,14
141121,-1,1,3,2,4,529,-7,8104,-45,-30,-10,-3734,-49
141142,4,5,4,4,-1,519,11,8147,-48,-32,-5,-3645,77
141154,1,5,0,-4,7,483,4,8159,-47,-32,-7,-3387,28
141166,2,-3,4,-9,0,507,57,8178,-51,-31,-7,-3547,399
141187,-1,4,-1,-3,-1,486,35,8188,-49,-33,-5,-3396,244
141199,-3,0,4,4,5,538,-38,8204,-47,-32,-8,-3751,-265
141211,5,5,-2,10,5,469,9,8240,-44,-34,-7,-3257,62
141232,6,1,3,4,4,526,26,8221,-48,-33,-5,-3660,181
141244,9,1,4,1,4,531,-47,8180,-48,-31,-6,-3714,-329
141256,1,1,-1,4,-1,500,9,8180,-46,-34,-7,-3497,63
141277,-1,-2,8,1,1,574,-52,8190,-47,-33,-5,-4008,-363
141322,-2,2,1,2,1,533,-9,8240,-46,-34,-4,-3700,-62
141334,-1,-1,-3,-3,4,471,-38,8192,-44,-33,-4,-3290,-265
141346,-2,4,1,8,-2,541,45,8154,-46,-33,-7,-3795,316
141367,0,-2,4,-1,1,478,16,8157,-49,-32,-7,-3353,112
141379,2,-1,-2,-3,-1,486,-40,8183,-47,-32,-10,-3398,-280
141391,5,3,2,-1,2,531,-47,8281,-45,-30,-6,-3668,-325
141412,-2,4,5,2,3,538,-21,8224,-49,-34,-5,-3742,-146
141424,1,1,-3,-2,2,495,47,8236,-46,-31,-3,-3439,326
141436,-3,-3,5,-1,-3,497,4,8259,-50,-30,-6,-3443,27
141457,2,5,1,2,-1,454,14,8188,-47,-29,-9,-3173,97
141469,0,2,3,4,-2,490,7,8233,-48,-34,-5,-3406,48
141481,0,-1,1,0,2,519,0,8336,-45,-32,-9,-3562,0
141502,2,2,2,1,6,493,-26,8214,-47,-30,-7,-3434,-181
141514,0,6,-1,-3,1,495,-69,8209,-47,-32,-8,-3450,-481
141526,2,2,1,5,-1,474,52,8147,-48,-33,-6,-3329,365
141547,-2,-2,-3,1,1,488,26,8192,-49,-33,-7,-3409,181
141559,2,0,2,1,8,490,-16,8236,-47,-31,-8,-3404,-111
141592,-2,8,4,-2,0,536,35,8228,-48,-32,-9,-3727,243
141604,4,5,1,8,1,430,28,8192,-49,-31,-12,-3004,195
141616,2,3,1,2,2,557,64,8118,-45,-32,-7,-3924,451
141637,-1,-2,2,-1,5,529,26,8255,-45,-32,-5,-3666,180
141649,-1,-2,0,-1,-1,545,-23,8171,-49,-32,-6,-3815,-161
141661,2,-1,2,4,0,533,-2,8188,-45,-33,-6,-3724,-13
141682,4,3,-5,-3,1,505,-35,8157,-46,-30,-9,-3542,-245
141694,0,1,1,3,0,426,76,8219,-47,-33,-10,-2966,529
141706,2,-2,-3,-1,-6,533,-11,8135,-44,-30,-6,-3748,-77
141727,-4,4,2,4,0,474,-4,8166,-46,-34,-9,-3322,-28
141739,2,1,2,5,2,497,21,8226,-44,-31,-10,-3457,146
141751,1,1,-2,4,1,517,7,8157,-44,-33,-10,-3626,49
141772,-1,6,-3,5,1,500,7,8245,-47,-30,-6,-3470,48
141784,0,-5,2,-1,1,469,7,8214,-47,-29,-6,-3267,48
141796,2,-1,5,-1,2,481,-9,8169,-48,-32,-7,-3369,-63
141817,2,1,-1,2,7,497,-47,8135,-46,-31,-5,-3496,-331
141829,0,4,-1,-2,2,490,-14,8166,-46,-32,-2,-3433,-98
141862,0,8,-2,8,2,452,57,8185,-47,-32,-3,-3160,398
141874,4,-6,-2,4,8,533,-4,8236,-48,-31,-8,-3702,-27
141886,8,-1,3,-3,2,500,-19,8243,-43,-32,-8,-3471,-132
141907,-1,3,3,4,2,486,9,8195,-46,-34,-6,-3393,62
141919,3,4,2,0,2,538,11,8173,-45,-33,-9,-3766,77
141931,-1,0,-1,4,1,476,-14,8245,-46,-34,-7,-3304,-97
141952,2,-1,4,3,0,553,-21,8231,-45,-31,-11,-3843,-146
141964,5,-1,-3,0,1,557,28,8224,-50,-30,-4,-3874,195
141976,0,0,1,8,5,517,-35,8169,-45,-31,-10,-3621,-245
141997,0,2,-2,3,3,497,40,8135,-51,-33,-4,-3496,281
142009,1,-1,-1,-3,4,521,-69,8224,-47,-33,-5,-3624,-480
142021,5,1,4,1,1,519,21,8231,-46,-33,-7,-3607,146
142042,-2,4,-3,-2,4,481,2,8231,-44,-31,-7,-3344,13
142054,1,0,4,0,-3,493,-26,8147,-45,-35,-8,-3462,-182
142066,-1,-1,4,-1,-1,442,26,8154,-46,-34,-6,-3102,182
142087,1,-4,-1,1,-2,483,-19,8154,-48,-32,-9,-3389,-133
142099,-2,-2,0,-1,2,524,19,8178,-46,-31,-3,-3666,133
142111,-1,4,-1,2,-1,500,-9,8171,-43,-32,-4,-3501,-63
142132,3,-2,1,0,2,565,35,8204,-44,-32,-7,-3939,244
142144,12,-1,2,5,2,565,28,8226,-49,-30,-8,-3929,195
142156,3,4,-4,2,2,543,19,8224,-47,-31,-4,-3777,132
142177,8,4,8,1,6,541,4,8200,-45,-32,-10,-3774,27
142189,-1,-3,-3,0,1,565,-31,8145,-47,-30,-14,-3968,-218
142201,-3,4,7,5,2,567,0,8195,-47,-31,-6,-3957,0
142222,7,2,1,1,-9,538,11,8271,-48,-30,-11,-3721,76
142234,4,-1,4,1,4,507,35,8152,-47,-33,-7,-3558,245
142246,2,6,-1,5,1,526,-21,8257,-45,-29,-6,-3645,-145
142267,-3,4,0,2,-3,450,9,8231,-48,-31,-8,-3129,62
142279,0,4,0,-1,3,483,2,8185,-48,-30,-6,-3377,14
142291,4,3,3,0,4,464,21,8197,-45,-34,-10,-3239,146
142312,8,3,8,8,2,486,-21,8219,-50,-31,-7,-3384,-146
142324,4,4,3,1,-1,421,-55,8173,-47,-30,-5,-2948,-385
142336,2,10,0,2,-1,452,21,8135,-47,-34,-8,-3180,147
142357,0,-1,0,-3,-2,507,7,8183,-45,-33,-4,-3545,49
142369,2,-1,-3,1,-1,529,-23,8350,-47,-31,-9,-3625,-157
142381,-1,5,-2,4,6,541,-2,8231,-46,-33,-8,-3760,-13
142402,8,0,3,1,3,526,-45,8178,-46,-33,-6,-3680,-315
142414,4,3,8,-1,0,612,-28,8118,-47,-31,-4,-4311,-197
142426,-2,1,-2,4,5,545,-7,8264,-44,-36,-5,-3773,-48
142447,5,-1,5,8,2,560,-59,8178,-48,-35,-7,-3917,-413
142459,1,4,-1,1,6,486,-21,8226,-44,-33,-7,-3381,-146
142471,5,4,-5,4,1,567,-33,8183,-46,-30,-4,-3963,-231
142492,4,-2,8,7,2,490,14,8192,-47,-33,-5,-3423,97
142504,2,-1,1,3,-3,505,0,8190,-47,-32,-12,-3528,0
142516,4,3,1,1,0,454,52,8145,-46,-30,-7,-3190,365
142537,2,-1,-2,-5,-4,469,14,8190,-45,-31,-5,-3277,97
142549,3,-2,4,1,1,486,-14,8159,-47,-31,-8,-3408,-98
142561,0,2,3,2,1,471,45,8259,-49,-35,-9,-3263,312
142582,1,1,-1,0,8,560,23,8257,-49,-31,-12,-3879,159
142594,4,-1,0,4,-1,502,55,8178,-48,-34,-8,-3512,385
142606,2,-1,5,-1,3,629,23,8180,-44,-28,-8,-4397,161
142627,-1,-9,-1,1,0,476,-52,8281,-47,-32,-8,-3289,-359
142639,2,-1,5,1,8,531,-2,8288,-49,-31,-7,-3665,-13
142651,3,3,6,1,2,533,28,8078,-46,-32,-8,-3774,198
142672,-1,-1,-1,0,-3,502,19,8221,-45,-32,-9,-3494,132
142684,-5,6,8,-1,-3,490,74,8176,-48,-34,-6,-3429,518
142696,-1,1,-3,2,2,476,-55,8204,-45,-33,-8,-3320,-384
142717,-3,0,2,2,2,452,-4,8188,-46,-31,-9,-3159,-27
142729,11,-1,1,0,-1,488,33,8307,-45,-31,-6,-3361,227
142741,1,0,1,4,0,481,-55,8269,-48,-31,-10,-3329,-381
142762,2,2,-1,-5,1,548,-35,8109,-47,-32,-9,-3866,-247
142774,-2,0,1,4,0,545,59,8176,-50,-32,-10,-3813,413
142786,8,4,0,4,-1,502,4,8209,-45,-34,-7,-3499,27
142807,6,1,2,-3,2,462,2,8219,-49,-31,-8,-3217,13
142819,-1,3,-4,1,-1,524,45,8123,-48,-32,-3,-3690,317
142831,-3,4,3,2,-3,524,2,8236,-45,-34,-7,-3640,13
142852,-2,1,4,-1,2,514,-23,8233,-47,-31,-8,-3572,-160
142864,1,0,3,-1,-1,577,-26,8188,-48,-31,-3,-4030,-181
